#
# There is insufficient memory for the Java Runtime Environment to continue.
# Native memory allocation (mmap) failed to map 950272 bytes. Error detail: G1 virtual space
# Possible reasons:
#   The system is out of physical RAM or swap space
#   This process is running with CompressedOops enabled, and the Java Heap may be blocking the growth of the native heap
# Possible solutions:
#   Reduce memory load on the system
#   Increase physical memory or swap space
#   Check if swap backing store is full
#   Decrease Java heap size (-Xmx/-Xms)
#   Decrease number of Java threads
#   Decrease Java thread stack sizes (-Xss)
#   Set larger code cache with -XX:ReservedCodeCacheSize=
#   JVM is running with Unscaled Compressed Oops mode in which the Java heap is
#     placed in the first 4GB address space. The Java Heap base address is the
#     maximum limit for the native heap growth. Please use -XX:HeapBaseMinAddress
#     to set the Java Heap base and to place the Java Heap above 4GB virtual address.
# This output file may be truncated or incomplete.
#
#  Out of Memory Error (os_windows.cpp:3825), pid=15556, tid=6512
#
# JRE version: OpenJDK Runtime Environment (17.0.11) (build 17.0.11+0--11852314)
# Java VM: OpenJDK 64-Bit Server VM (17.0.11+0--11852314, mixed mode, tiered, compressed oops, compressed class ptrs, g1 gc, windows-amd64)
# No core dump will be written. Minidumps are not enabled by default on client versions of Windows
#

---------------  S U M M A R Y ------------

Command Line: --add-opens=java.base/java.util=ALL-UNNAMED --add-opens=java.base/java.lang=ALL-UNNAMED --add-opens=java.base/java.lang.invoke=ALL-UNNAMED --add-opens=java.base/java.util=ALL-UNNAMED --add-opens=java.prefs/java.util.prefs=ALL-UNNAMED --add-opens=java.prefs/java.util.prefs=ALL-UNNAMED --add-opens=java.base/java.nio.charset=ALL-UNNAMED --add-opens=java.base/java.net=ALL-UNNAMED --add-opens=java.base/java.util.concurrent.atomic=ALL-UNNAMED -Xmx1536M -Dfile.encoding=windows-1252 -Duser.country=IN -Duser.language=en -Duser.variant org.gradle.launcher.daemon.bootstrap.GradleDaemon 7.5

Host: Intel(R) Core(TM) i5-8265U CPU @ 1.60GHz, 8 cores, 7G,  Windows 10 , 64 bit Build 21996 (10.0.21996.1)
Time: Sun Jan 12 00:20:38 2025 India Standard Time elapsed time: 93.520409 seconds (0d 0h 1m 33s)

---------------  T H R E A D  ---------------

Current thread (0x00000219da469ae0):  VMThread "VM Thread" [stack: 0x0000006cd2200000,0x0000006cd2300000] [id=6512]

Stack: [0x0000006cd2200000,0x0000006cd2300000]
Native frames: (J=compiled Java code, j=interpreted, Vv=VM code, C=native code)
V  [jvm.dll+0x687bb9]
V  [jvm.dll+0x84142a]
V  [jvm.dll+0x8430ae]
V  [jvm.dll+0x843713]
V  [jvm.dll+0x24a35f]
V  [jvm.dll+0x684989]
V  [jvm.dll+0x67923a]
V  [jvm.dll+0x30af0b]
V  [jvm.dll+0x3123b6]
V  [jvm.dll+0x361e28]
V  [jvm.dll+0x36202f]
V  [jvm.dll+0x2e0d38]
V  [jvm.dll+0x2df144]
V  [jvm.dll+0x2de74c]
V  [jvm.dll+0x32305b]
V  [jvm.dll+0x847e0b]
V  [jvm.dll+0x848b42]
V  [jvm.dll+0x84905d]
V  [jvm.dll+0x849434]
V  [jvm.dll+0x849500]
V  [jvm.dll+0x7efa4a]
V  [jvm.dll+0x686a35]
C  [ucrtbase.dll+0x26c0c]
C  [KERNEL32.DLL+0x154e0]
C  [ntdll.dll+0x485b]

VM_Operation (0x0000006cd38f8170): G1CollectForAllocation, mode: safepoint, requested by thread 0x00000219e376ed90


---------------  P R O C E S S  ---------------

Threads class SMR info:
_java_thread_list=0x00000219e5270470, length=136, elements={
0x00000219c1928100, 0x00000219da603260, 0x00000219da46d730, 0x00000219da62d410,
0x00000219da62dce0, 0x00000219da62ecb0, 0x00000219da623460, 0x00000219da624060,
0x00000219da628370, 0x00000219da63ea10, 0x00000219da7aedc0, 0x00000219da7d6190,
0x00000219e0d9baf0, 0x00000219e0d57f20, 0x00000219e0ee06e0, 0x00000219df653cf0,
0x00000219df655130, 0x00000219df652dc0, 0x00000219df6532d0, 0x00000219df655b50,
0x00000219e27c4540, 0x00000219e27c3610, 0x00000219e27c12a0, 0x00000219e27bfe60,
0x00000219e27c17b0, 0x00000219e37701d0, 0x00000219e376f7b0, 0x00000219e3770bf0,
0x00000219e4197670, 0x00000219e419ae20, 0x00000219e4198090, 0x00000219e4198ab0,
0x00000219e3774dc0, 0x00000219e3771610, 0x00000219e376e880, 0x00000219e376ed90,
0x00000219e3771100, 0x00000219e3776200, 0x00000219e3771b20, 0x00000219e2c259f0,
0x00000219e376f2a0, 0x00000219e3773470, 0x00000219e3772540, 0x00000219e3772f60,
0x00000219e376fcc0, 0x00000219e37706e0, 0x00000219e37748b0, 0x00000219e3773980,
0x00000219e3772a50, 0x00000219e3773e90, 0x00000219e37743a0, 0x00000219e6d6ac50,
0x00000219e6d6ee20, 0x00000219e6d6d4d0, 0x00000219e6d679b0, 0x00000219e6d6b160,
0x00000219e6d69d20, 0x00000219e6d6cfc0, 0x00000219e6d6b670, 0x00000219e6d67ec0,
0x00000219e6d6a230, 0x00000219e6d683d0, 0x00000219e6d6d9e0, 0x00000219e6d6e910,
0x00000219e6d6bb80, 0x00000219e6d6c090, 0x00000219e6d6c5a0, 0x00000219e41985a0,
0x00000219e4197b80, 0x00000219e41994d0, 0x00000219e41948e0, 0x00000219e419b330,
0x00000219e4195300, 0x00000219e4195810, 0x00000219e41943d0, 0x00000219e4196230,
0x00000219e4196c50, 0x00000219e4197160, 0x00000219e4195d20, 0x00000219e41999e0,
0x00000219e4199ef0, 0x00000219e419a400, 0x00000219e5e7ff00, 0x00000219e5e82c90,
0x00000219e5e831a0, 0x00000219e5e836b0, 0x00000219e5e80410, 0x00000219e5e81340,
0x00000219e5e80920, 0x00000219e5e80e30, 0x00000219e5e82270, 0x00000219e27c0d90,
0x00000219e27be000, 0x00000219e27bea20, 0x00000219e27c4030, 0x00000219e27c1cc0,
0x00000219e27bf950, 0x00000219df6523a0, 0x00000219df654200, 0x00000219df6528b0,
0x00000219df654710, 0x00000219df6537e0, 0x00000219dfe99c80, 0x00000219dfe9cf20,
0x00000219dfe99260, 0x00000219dfe9ca10, 0x00000219dfe96ef0, 0x00000219dfe9bff0,
0x00000219dfe9a6a0, 0x00000219dfe98330, 0x00000219dfe99770, 0x00000219dfe9c500,
0x00000219dfe9abb0, 0x00000219dfe9d940, 0x00000219dfe9d430, 0x00000219dfe9b0c0,
0x00000219dfe9a190, 0x00000219dfe9b5d0, 0x00000219dfe969e0, 0x00000219dfe9bae0,
0x00000219dfe98d50, 0x00000219dfe9de50, 0x00000219dfe9e360, 0x00000219dfe98840,
0x00000219dfe97400, 0x00000219dfe97910, 0x00000219dfe97e20, 0x00000219e20be820,
0x00000219e20bed30, 0x00000219e20c0b90, 0x00000219e20bf750, 0x00000219e20be310,
0x00000219e20bf240, 0x00000219e20bfc60, 0x00000219e20c10a0, 0x00000219e20c0680
}

Java Threads: ( => current thread )
  0x00000219c1928100 JavaThread "main" [_thread_blocked, id=15748, stack(0x0000006cd1c00000,0x0000006cd1d00000)]
  0x00000219da603260 JavaThread "Reference Handler" daemon [_thread_blocked, id=8468, stack(0x0000006cd2300000,0x0000006cd2400000)]
  0x00000219da46d730 JavaThread "Finalizer" daemon [_thread_blocked, id=10740, stack(0x0000006cd2400000,0x0000006cd2500000)]
  0x00000219da62d410 JavaThread "Signal Dispatcher" daemon [_thread_blocked, id=10744, stack(0x0000006cd2500000,0x0000006cd2600000)]
  0x00000219da62dce0 JavaThread "Attach Listener" daemon [_thread_blocked, id=17136, stack(0x0000006cd2600000,0x0000006cd2700000)]
  0x00000219da62ecb0 JavaThread "Service Thread" daemon [_thread_blocked, id=16960, stack(0x0000006cd2700000,0x0000006cd2800000)]
  0x00000219da623460 JavaThread "Monitor Deflation Thread" daemon [_thread_blocked, id=17344, stack(0x0000006cd2800000,0x0000006cd2900000)]
  0x00000219da624060 JavaThread "C2 CompilerThread0" daemon [_thread_blocked, id=7084, stack(0x0000006cd2900000,0x0000006cd2a00000)]
  0x00000219da628370 JavaThread "C1 CompilerThread0" daemon [_thread_blocked, id=16236, stack(0x0000006cd2a00000,0x0000006cd2b00000)]
  0x00000219da63ea10 JavaThread "Sweeper thread" daemon [_thread_blocked, id=16832, stack(0x0000006cd2b00000,0x0000006cd2c00000)]
  0x00000219da7aedc0 JavaThread "Common-Cleaner" daemon [_thread_blocked, id=14040, stack(0x0000006cd2c00000,0x0000006cd2d00000)]
  0x00000219da7d6190 JavaThread "Notification Thread" daemon [_thread_blocked, id=12988, stack(0x0000006cd2d00000,0x0000006cd2e00000)]
  0x00000219e0d9baf0 JavaThread "Daemon health stats" [_thread_blocked, id=7844, stack(0x0000006cd3400000,0x0000006cd3500000)]
  0x00000219e0d57f20 JavaThread "Incoming local TCP Connector on port 50745" [_thread_in_native, id=13028, stack(0x0000006cd3500000,0x0000006cd3600000)]
  0x00000219e0ee06e0 JavaThread "Daemon periodic checks" [_thread_blocked, id=13688, stack(0x0000006cd3600000,0x0000006cd3700000)]
  0x00000219df653cf0 JavaThread "Cache worker for journal cache (C:\Users\achar\.gradle\caches\journal-1)" [_thread_blocked, id=9272, stack(0x0000006cd3e00000,0x0000006cd3f00000)]
  0x00000219df655130 JavaThread "File lock request listener" [_thread_in_native, id=3540, stack(0x0000006cd3f00000,0x0000006cd4000000)]
  0x00000219df652dc0 JavaThread "Cache worker for file hash cache (C:\Users\achar\.gradle\caches\7.5\fileHashes)" [_thread_blocked, id=14704, stack(0x0000006cd4400000,0x0000006cd4500000)]
  0x00000219df6532d0 JavaThread "File watcher server" daemon [_thread_in_native, id=16392, stack(0x0000006cd4600000,0x0000006cd4700000)]
  0x00000219df655b50 JavaThread "File watcher consumer" daemon [_thread_blocked, id=11912, stack(0x0000006cd4700000,0x0000006cd4800000)]
  0x00000219e27c4540 JavaThread "Cache worker for file content cache (C:\Users\achar\.gradle\caches\7.5\fileContent)" [_thread_blocked, id=15164, stack(0x0000006cd4a00000,0x0000006cd4b00000)]
  0x00000219e27c3610 JavaThread "Cache worker for execution history cache (C:\Users\achar\.gradle\caches\7.5\executionHistory)" [_thread_blocked, id=16716, stack(0x0000006cd4d00000,0x0000006cd4e00000)]
  0x00000219e27c12a0 JavaThread "jar transforms" [_thread_blocked, id=7996, stack(0x0000006cd4f00000,0x0000006cd5000000)]
  0x00000219e27bfe60 JavaThread "Cache worker for kotlin-dsl (C:\Users\achar\.gradle\caches\7.5\kotlin-dsl)" [_thread_blocked, id=15252, stack(0x0000006cd5000000,0x0000006cd5100000)]
  0x00000219e27c17b0 JavaThread "jar transforms Thread 2" [_thread_blocked, id=17188, stack(0x0000006cd5100000,0x0000006cd5200000)]
  0x00000219e37701d0 JavaThread "jar transforms Thread 3" [_thread_blocked, id=13244, stack(0x0000006cd5400000,0x0000006cd5500000)]
  0x00000219e376f7b0 JavaThread "Memory manager" [_thread_blocked, id=12568, stack(0x0000006cd5500000,0x0000006cd5600000)]
  0x00000219e3770bf0 JavaThread "jar transforms Thread 4" [_thread_blocked, id=12960, stack(0x0000006cd5600000,0x0000006cd5700000)]
  0x00000219e4197670 JavaThread "jar transforms Thread 5" [_thread_blocked, id=10564, stack(0x0000006cdaf00000,0x0000006cdb000000)]
  0x00000219e419ae20 JavaThread "jar transforms Thread 6" [_thread_blocked, id=12728, stack(0x0000006cdb000000,0x0000006cdb100000)]
  0x00000219e4198090 JavaThread "jar transforms Thread 7" [_thread_blocked, id=17348, stack(0x0000006cdb100000,0x0000006cdb200000)]
  0x00000219e4198ab0 JavaThread "jar transforms Thread 8" [_thread_blocked, id=17156, stack(0x0000006cdb200000,0x0000006cdb300000)]
  0x00000219e3774dc0 JavaThread "Daemon Thread 2" [_thread_blocked, id=3496, stack(0x0000006cd1900000,0x0000006cd1a00000)]
  0x00000219e3771610 JavaThread "Handler for socket connection from /127.0.0.1:50745 to /127.0.0.1:53874" [_thread_in_native, id=13272, stack(0x0000006cd1a00000,0x0000006cd1b00000)]
  0x00000219e376e880 JavaThread "Cancel handler" [_thread_blocked, id=15692, stack(0x0000006cd3700000,0x0000006cd3800000)]
  0x00000219e376ed90 JavaThread "Daemon worker Thread 2" [_thread_blocked, id=10976, stack(0x0000006cd3800000,0x0000006cd3900000)]
  0x00000219e3771100 JavaThread "Asynchronous log dispatcher for DefaultDaemonConnection: socket connection from /127.0.0.1:50745 to /127.0.0.1:53874" [_thread_blocked, id=15524, stack(0x0000006cd3900000,0x0000006cd3a00000)]
  0x00000219e3776200 JavaThread "Stdin handler" [_thread_blocked, id=14292, stack(0x0000006cd3a00000,0x0000006cd3b00000)]
  0x00000219e3771b20 JavaThread "Daemon client event forwarder" [_thread_blocked, id=8300, stack(0x0000006cd3b00000,0x0000006cd3c00000)]
  0x00000219e2c259f0 JavaThread "C2 CompilerThread1" daemon [_thread_in_native, id=13776, stack(0x0000006cd3c00000,0x0000006cd3d00000)]
  0x00000219e376f2a0 JavaThread "Cache worker for checksums cache (D:\tistaben\android\.gradle\7.5\checksums)" [_thread_blocked, id=16720, stack(0x0000006cd3d00000,0x0000006cd3e00000)]
  0x00000219e3773470 JavaThread "Cache worker for cache directory md-rule (C:\Users\achar\.gradle\caches\7.5\md-rule)" [_thread_blocked, id=9372, stack(0x0000006cd4500000,0x0000006cd4600000)]
  0x00000219e3772540 JavaThread "Cache worker for file hash cache (D:\tistaben\android\.gradle\7.5\fileHashes)" [_thread_blocked, id=5708, stack(0x0000006cd4800000,0x0000006cd4900000)]
  0x00000219e3772f60 JavaThread "Cache worker for cache directory md-supplier (C:\Users\achar\.gradle\caches\7.5\md-supplier)" [_thread_blocked, id=12640, stack(0x0000006cd4900000,0x0000006cd4a00000)]
  0x00000219e376fcc0 JavaThread "Cache worker for dependencies-accessors (D:\tistaben\android\.gradle\7.5\dependencies-accessors)" [_thread_blocked, id=12624, stack(0x0000006cd4b00000,0x0000006cd4c00000)]
  0x00000219e37706e0 JavaThread "Cache worker for Build Output Cleanup Cache (C:\src\packages\flutter_tools\gradle\.gradle\buildOutputCleanup)" [_thread_blocked, id=11296, stack(0x0000006cd4c00000,0x0000006cd4d00000)]
  0x00000219e37748b0 JavaThread "included builds" [_thread_blocked, id=704, stack(0x0000006cd5200000,0x0000006cd5300000)]
  0x00000219e3773980 JavaThread "Execution worker" [_thread_blocked, id=15976, stack(0x0000006cd5300000,0x0000006cd5400000)]
  0x00000219e3772a50 JavaThread "Execution worker Thread 2" [_thread_blocked, id=13424, stack(0x0000006cd5700000,0x0000006cd5800000)]
  0x00000219e3773e90 JavaThread "Execution worker Thread 3" [_thread_blocked, id=15096, stack(0x0000006cd5800000,0x0000006cd5900000)]
  0x00000219e37743a0 JavaThread "Execution worker Thread 4" [_thread_blocked, id=9752, stack(0x0000006cd5900000,0x0000006cd5a00000)]
  0x00000219e6d6ac50 JavaThread "Execution worker Thread 5" [_thread_blocked, id=17140, stack(0x0000006cd5a00000,0x0000006cd5b00000)]
  0x00000219e6d6ee20 JavaThread "Execution worker Thread 6" [_thread_blocked, id=17040, stack(0x0000006cd5b00000,0x0000006cd5c00000)]
  0x00000219e6d6d4d0 JavaThread "Execution worker Thread 7" [_thread_blocked, id=15244, stack(0x0000006cd5c00000,0x0000006cd5d00000)]
  0x00000219e6d679b0 JavaThread "Cache worker for execution history cache (C:\src\packages\flutter_tools\gradle\.gradle\7.5\executionHistory)" [_thread_blocked, id=7608, stack(0x0000006cd5d00000,0x0000006cd5e00000)]
  0x00000219e6d6b160 JavaThread "Unconstrained build operations" [_thread_blocked, id=12760, stack(0x0000006cd5e00000,0x0000006cd5f00000)]
  0x00000219e6d69d20 JavaThread "Unconstrained build operations Thread 2" [_thread_blocked, id=14444, stack(0x0000006cd5f00000,0x0000006cd6000000)]
  0x00000219e6d6cfc0 JavaThread "Unconstrained build operations Thread 3" [_thread_blocked, id=2744, stack(0x0000006cd6000000,0x0000006cd6100000)]
  0x00000219e6d6b670 JavaThread "Unconstrained build operations Thread 4" [_thread_blocked, id=4404, stack(0x0000006cd6100000,0x0000006cd6200000)]
  0x00000219e6d67ec0 JavaThread "Unconstrained build operations Thread 5" [_thread_blocked, id=15716, stack(0x0000006cd6200000,0x0000006cd6300000)]
  0x00000219e6d6a230 JavaThread "Unconstrained build operations Thread 6" [_thread_blocked, id=12444, stack(0x0000006cd6300000,0x0000006cd6400000)]
  0x00000219e6d683d0 JavaThread "Unconstrained build operations Thread 7" [_thread_blocked, id=11664, stack(0x0000006cd6400000,0x0000006cd6500000)]
  0x00000219e6d6d9e0 JavaThread "Unconstrained build operations Thread 8" [_thread_blocked, id=4164, stack(0x0000006cd6500000,0x0000006cd6600000)]
  0x00000219e6d6e910 JavaThread "Unconstrained build operations Thread 9" [_thread_blocked, id=5384, stack(0x0000006cd6600000,0x0000006cd6700000)]
  0x00000219e6d6bb80 JavaThread "Unconstrained build operations Thread 10" [_thread_blocked, id=16576, stack(0x0000006cd6700000,0x0000006cd6800000)]
  0x00000219e6d6c090 JavaThread "Unconstrained build operations Thread 11" [_thread_blocked, id=14748, stack(0x0000006cd6800000,0x0000006cd6900000)]
  0x00000219e6d6c5a0 JavaThread "Unconstrained build operations Thread 12" [_thread_blocked, id=13148, stack(0x0000006cd6900000,0x0000006cd6a00000)]
  0x00000219e41985a0 JavaThread "Unconstrained build operations Thread 13" [_thread_blocked, id=6960, stack(0x0000006cd6b00000,0x0000006cd6c00000)]
  0x00000219e4197b80 JavaThread "Unconstrained build operations Thread 14" [_thread_blocked, id=13320, stack(0x0000006cd6c00000,0x0000006cd6d00000)]
  0x00000219e41994d0 JavaThread "Unconstrained build operations Thread 15" [_thread_blocked, id=12056, stack(0x0000006cd6d00000,0x0000006cd6e00000)]
  0x00000219e41948e0 JavaThread "Unconstrained build operations Thread 16" [_thread_blocked, id=13660, stack(0x0000006cd6e00000,0x0000006cd6f00000)]
  0x00000219e419b330 JavaThread "Unconstrained build operations Thread 17" [_thread_blocked, id=9524, stack(0x0000006cd6f00000,0x0000006cd7000000)]
  0x00000219e4195300 JavaThread "Unconstrained build operations Thread 18" [_thread_blocked, id=15044, stack(0x0000006cd7000000,0x0000006cd7100000)]
  0x00000219e4195810 JavaThread "Unconstrained build operations Thread 19" [_thread_blocked, id=10916, stack(0x0000006cd7100000,0x0000006cd7200000)]
  0x00000219e41943d0 JavaThread "Unconstrained build operations Thread 20" [_thread_blocked, id=5520, stack(0x0000006cd7200000,0x0000006cd7300000)]
  0x00000219e4196230 JavaThread "Unconstrained build operations Thread 21" [_thread_blocked, id=1504, stack(0x0000006cd7300000,0x0000006cd7400000)]
  0x00000219e4196c50 JavaThread "Unconstrained build operations Thread 22" [_thread_blocked, id=12460, stack(0x0000006cd7400000,0x0000006cd7500000)]
  0x00000219e4197160 JavaThread "Unconstrained build operations Thread 23" [_thread_blocked, id=4696, stack(0x0000006cd7500000,0x0000006cd7600000)]
  0x00000219e4195d20 JavaThread "Unconstrained build operations Thread 24" [_thread_blocked, id=5252, stack(0x0000006cd7600000,0x0000006cd7700000)]
  0x00000219e41999e0 JavaThread "Unconstrained build operations Thread 25" [_thread_blocked, id=9152, stack(0x0000006cd7700000,0x0000006cd7800000)]
  0x00000219e4199ef0 JavaThread "Unconstrained build operations Thread 26" [_thread_blocked, id=12340, stack(0x0000006cd7800000,0x0000006cd7900000)]
  0x00000219e419a400 JavaThread "Unconstrained build operations Thread 27" [_thread_blocked, id=5284, stack(0x0000006cd7900000,0x0000006cd7a00000)]
  0x00000219e5e7ff00 JavaThread "Unconstrained build operations Thread 28" [_thread_blocked, id=10728, stack(0x0000006cd7a00000,0x0000006cd7b00000)]
  0x00000219e5e82c90 JavaThread "Unconstrained build operations Thread 29" [_thread_blocked, id=8744, stack(0x0000006cd7b00000,0x0000006cd7c00000)]
  0x00000219e5e831a0 JavaThread "Unconstrained build operations Thread 30" [_thread_blocked, id=15404, stack(0x0000006cd7c00000,0x0000006cd7d00000)]
  0x00000219e5e836b0 JavaThread "Unconstrained build operations Thread 31" [_thread_blocked, id=13740, stack(0x0000006cd7d00000,0x0000006cd7e00000)]
  0x00000219e5e80410 JavaThread "Unconstrained build operations Thread 32" [_thread_blocked, id=6700, stack(0x0000006cd7e00000,0x0000006cd7f00000)]
  0x00000219e5e81340 JavaThread "Unconstrained build operations Thread 33" [_thread_blocked, id=4048, stack(0x0000006cd7f00000,0x0000006cd8000000)]
  0x00000219e5e80920 JavaThread "Unconstrained build operations Thread 34" [_thread_blocked, id=11712, stack(0x0000006cd8000000,0x0000006cd8100000)]
  0x00000219e5e80e30 JavaThread "Unconstrained build operations Thread 35" [_thread_blocked, id=6992, stack(0x0000006cd8100000,0x0000006cd8200000)]
  0x00000219e5e82270 JavaThread "Unconstrained build operations Thread 36" [_thread_blocked, id=9840, stack(0x0000006cd8200000,0x0000006cd8300000)]
  0x00000219e27c0d90 JavaThread "Unconstrained build operations Thread 37" [_thread_blocked, id=14356, stack(0x0000006cd8300000,0x0000006cd8400000)]
  0x00000219e27be000 JavaThread "Unconstrained build operations Thread 38" [_thread_blocked, id=13552, stack(0x0000006cd8400000,0x0000006cd8500000)]
  0x00000219e27bea20 JavaThread "Unconstrained build operations Thread 39" [_thread_blocked, id=9644, stack(0x0000006cd8500000,0x0000006cd8600000)]
  0x00000219e27c4030 JavaThread "Unconstrained build operations Thread 40" [_thread_blocked, id=12848, stack(0x0000006cd8600000,0x0000006cd8700000)]
  0x00000219e27c1cc0 JavaThread "Unconstrained build operations Thread 41" [_thread_blocked, id=13068, stack(0x0000006cd8700000,0x0000006cd8800000)]
  0x00000219e27bf950 JavaThread "Unconstrained build operations Thread 42" [_thread_blocked, id=4176, stack(0x0000006cd8800000,0x0000006cd8900000)]
  0x00000219df6523a0 JavaThread "Unconstrained build operations Thread 43" [_thread_blocked, id=15280, stack(0x0000006cd8900000,0x0000006cd8a00000)]
  0x00000219df654200 JavaThread "Unconstrained build operations Thread 44" [_thread_blocked, id=11800, stack(0x0000006cd8a00000,0x0000006cd8b00000)]
  0x00000219df6528b0 JavaThread "Unconstrained build operations Thread 45" [_thread_blocked, id=15552, stack(0x0000006cd8b00000,0x0000006cd8c00000)]
  0x00000219df654710 JavaThread "Unconstrained build operations Thread 46" [_thread_blocked, id=5932, stack(0x0000006cd8c00000,0x0000006cd8d00000)]
  0x00000219df6537e0 JavaThread "Unconstrained build operations Thread 47" [_thread_blocked, id=5800, stack(0x0000006cd8d00000,0x0000006cd8e00000)]
  0x00000219dfe99c80 JavaThread "Unconstrained build operations Thread 48" [_thread_blocked, id=9308, stack(0x0000006cd8e00000,0x0000006cd8f00000)]
  0x00000219dfe9cf20 JavaThread "Unconstrained build operations Thread 49" [_thread_blocked, id=17244, stack(0x0000006cd8f00000,0x0000006cd9000000)]
  0x00000219dfe99260 JavaThread "Unconstrained build operations Thread 50" [_thread_blocked, id=17024, stack(0x0000006cd9000000,0x0000006cd9100000)]
  0x00000219dfe9ca10 JavaThread "Unconstrained build operations Thread 51" [_thread_blocked, id=3508, stack(0x0000006cd9100000,0x0000006cd9200000)]
  0x00000219dfe96ef0 JavaThread "Unconstrained build operations Thread 52" [_thread_blocked, id=16076, stack(0x0000006cd9200000,0x0000006cd9300000)]
  0x00000219dfe9bff0 JavaThread "Unconstrained build operations Thread 53" [_thread_blocked, id=15408, stack(0x0000006cd9300000,0x0000006cd9400000)]
  0x00000219dfe9a6a0 JavaThread "Unconstrained build operations Thread 54" [_thread_blocked, id=6164, stack(0x0000006cd9400000,0x0000006cd9500000)]
  0x00000219dfe98330 JavaThread "Unconstrained build operations Thread 55" [_thread_blocked, id=16252, stack(0x0000006cd9500000,0x0000006cd9600000)]
  0x00000219dfe99770 JavaThread "Unconstrained build operations Thread 56" [_thread_blocked, id=14008, stack(0x0000006cd9600000,0x0000006cd9700000)]
  0x00000219dfe9c500 JavaThread "Unconstrained build operations Thread 57" [_thread_blocked, id=14860, stack(0x0000006cd9700000,0x0000006cd9800000)]
  0x00000219dfe9abb0 JavaThread "Unconstrained build operations Thread 58" [_thread_blocked, id=12252, stack(0x0000006cd9800000,0x0000006cd9900000)]
  0x00000219dfe9d940 JavaThread "Unconstrained build operations Thread 59" [_thread_blocked, id=15152, stack(0x0000006cd9900000,0x0000006cd9a00000)]
  0x00000219dfe9d430 JavaThread "Unconstrained build operations Thread 60" [_thread_blocked, id=1096, stack(0x0000006cd9a00000,0x0000006cd9b00000)]
  0x00000219dfe9b0c0 JavaThread "Unconstrained build operations Thread 61" [_thread_blocked, id=12316, stack(0x0000006cd9b00000,0x0000006cd9c00000)]
  0x00000219dfe9a190 JavaThread "Unconstrained build operations Thread 62" [_thread_blocked, id=12808, stack(0x0000006cd9c00000,0x0000006cd9d00000)]
  0x00000219dfe9b5d0 JavaThread "Unconstrained build operations Thread 63" [_thread_blocked, id=12080, stack(0x0000006cd9d00000,0x0000006cd9e00000)]
  0x00000219dfe969e0 JavaThread "Unconstrained build operations Thread 64" [_thread_blocked, id=13664, stack(0x0000006cd9e00000,0x0000006cd9f00000)]
  0x00000219dfe9bae0 JavaThread "Unconstrained build operations Thread 65" [_thread_blocked, id=14100, stack(0x0000006cd9f00000,0x0000006cda000000)]
  0x00000219dfe98d50 JavaThread "Unconstrained build operations Thread 66" [_thread_blocked, id=4188, stack(0x0000006cda000000,0x0000006cda100000)]
  0x00000219dfe9de50 JavaThread "Unconstrained build operations Thread 67" [_thread_blocked, id=13632, stack(0x0000006cda100000,0x0000006cda200000)]
  0x00000219dfe9e360 JavaThread "Unconstrained build operations Thread 68" [_thread_blocked, id=16776, stack(0x0000006cda200000,0x0000006cda300000)]
  0x00000219dfe98840 JavaThread "Unconstrained build operations Thread 69" [_thread_blocked, id=8, stack(0x0000006cda300000,0x0000006cda400000)]
  0x00000219dfe97400 JavaThread "Unconstrained build operations Thread 70" [_thread_blocked, id=16844, stack(0x0000006cda400000,0x0000006cda500000)]
  0x00000219dfe97910 JavaThread "Unconstrained build operations Thread 71" [_thread_blocked, id=16412, stack(0x0000006cda500000,0x0000006cda600000)]
  0x00000219dfe97e20 JavaThread "Unconstrained build operations Thread 72" [_thread_blocked, id=12052, stack(0x0000006cda600000,0x0000006cda700000)]
  0x00000219e20be820 JavaThread "Unconstrained build operations Thread 73" [_thread_blocked, id=14644, stack(0x0000006cda700000,0x0000006cda800000)]
  0x00000219e20bed30 JavaThread "Unconstrained build operations Thread 74" [_thread_blocked, id=13704, stack(0x0000006cda800000,0x0000006cda900000)]
  0x00000219e20c0b90 JavaThread "Unconstrained build operations Thread 75" [_thread_blocked, id=13604, stack(0x0000006cda900000,0x0000006cdaa00000)]
  0x00000219e20bf750 JavaThread "Unconstrained build operations Thread 76" [_thread_blocked, id=15744, stack(0x0000006cdaa00000,0x0000006cdab00000)]
  0x00000219e20be310 JavaThread "Unconstrained build operations Thread 77" [_thread_blocked, id=15200, stack(0x0000006cdab00000,0x0000006cdac00000)]
  0x00000219e20bf240 JavaThread "Unconstrained build operations Thread 78" [_thread_blocked, id=7476, stack(0x0000006cdac00000,0x0000006cdad00000)]
  0x00000219e20bfc60 JavaThread "Unconstrained build operations Thread 79" [_thread_blocked, id=2832, stack(0x0000006cdad00000,0x0000006cdae00000)]
  0x00000219e20c10a0 JavaThread "Unconstrained build operations Thread 80" [_thread_blocked, id=15384, stack(0x0000006cdae00000,0x0000006cdaf00000)]
  0x00000219e20c0680 JavaThread "Cache worker for Build Output Cleanup Cache (D:\tistaben\android\.gradle\buildOutputCleanup)" [_thread_blocked, id=16428, stack(0x0000006cdb300000,0x0000006cdb400000)]

Other Threads:
=>0x00000219da469ae0 VMThread "VM Thread" [stack: 0x0000006cd2200000,0x0000006cd2300000] [id=6512]
  0x00000219da7b5540 WatcherThread [stack: 0x0000006cd2e00000,0x0000006cd2f00000] [id=15504]
  0x00000219c1973ec0 GCTaskThread "GC Thread#0" [stack: 0x0000006cd1d00000,0x0000006cd1e00000] [id=15088]
  0x00000219dff861a0 GCTaskThread "GC Thread#1" [stack: 0x0000006cd3100000,0x0000006cd3200000] [id=13464]
  0x00000219dfc51000 GCTaskThread "GC Thread#2" [stack: 0x0000006cd3200000,0x0000006cd3300000] [id=14784]
  0x00000219dfe4e600 GCTaskThread "GC Thread#3" [stack: 0x0000006cd3300000,0x0000006cd3400000] [id=8052]
  0x00000219e0451d50 GCTaskThread "GC Thread#4" [stack: 0x0000006cd3000000,0x0000006cd3100000] [id=9880]
  0x00000219e0c3fe20 GCTaskThread "GC Thread#5" [stack: 0x0000006cd4000000,0x0000006cd4100000] [id=13468]
  0x00000219e0c40920 GCTaskThread "GC Thread#6" [stack: 0x0000006cd4100000,0x0000006cd4200000] [id=10872]
  0x00000219e0c3f8a0 GCTaskThread "GC Thread#7" [stack: 0x0000006cd4200000,0x0000006cd4300000] [id=10404]
  0x00000219c19815b0 ConcurrentGCThread "G1 Main Marker" [stack: 0x0000006cd1e00000,0x0000006cd1f00000] [id=16612]
  0x00000219c1981fd0 ConcurrentGCThread "G1 Conc#0" [stack: 0x0000006cd1f00000,0x0000006cd2000000] [id=13428]
  0x00000219e0c3f060 ConcurrentGCThread "G1 Conc#1" [stack: 0x0000006cd4300000,0x0000006cd4400000] [id=2212]
  0x00000219c19ec780 ConcurrentGCThread "G1 Refine#0" [stack: 0x0000006cd2000000,0x0000006cd2100000] [id=10848]
  0x00000219e28583b0 ConcurrentGCThread "G1 Refine#1" [stack: 0x0000006cd4e00000,0x0000006cd4f00000] [id=14564]
  0x00000219e32f4930 ConcurrentGCThread "G1 Refine#2" [stack: 0x0000006cdb400000,0x0000006cdb500000] [id=1568]
  0x00000219e32f57e0 ConcurrentGCThread "G1 Refine#3" [stack: 0x0000006cdb600000,0x0000006cdb700000] [id=12440]
  0x00000219c19ee1c0 ConcurrentGCThread "G1 Service" [stack: 0x0000006cd2100000,0x0000006cd2200000] [id=10208]

Threads with active compile tasks:
C2 CompilerThread0    93568 20219       4       org.gradle.internal.graph.CachingDirectedGraphWalker::doSearch (659 bytes)
C2 CompilerThread1    93568 20023  s    4       org.gradle.api.internal.artifacts.configurations.DefaultConfiguration::initAllArtifacts (228 bytes)

VM state: at safepoint (normal execution)

VM Mutex/Monitor currently owned by a thread:  ([mutex/lock_event])
[0x00000219c19229a0] Threads_lock - owner thread: 0x00000219da469ae0
[0x00000219c1922a30] Heap_lock - owner thread: 0x00000219e376ed90

Heap address: 0x00000000a0000000, size: 1536 MB, Compressed Oops mode: 32-bit

CDS archive(s) not mapped
Compressed class space mapped at: 0x0000000100000000-0x0000000140000000, reserved size: 1073741824
Narrow klass base: 0x0000000000000000, Narrow klass shift: 3, Narrow klass range: 0x140000000

GC Precious Log:
 CPUs: 8 total, 8 available
 Memory: 8047M
 Large Page Support: Disabled
 NUMA Support: Disabled
 Compressed Oops: Enabled (32-bit)
 Heap Region Size: 1M
 Heap Min Capacity: 8M
 Heap Initial Capacity: 126M
 Heap Max Capacity: 1536M
 Pre-touch: Disabled
 Parallel Workers: 8
 Concurrent Workers: 2
 Concurrent Refinement Workers: 8
 Periodic GC: Disabled

Heap:
 garbage-first heap   total 395264K, used 327883K [0x00000000a0000000, 0x0000000100000000)
  region size 1024K, 3 young (3072K), 3 survivors (3072K)
 Metaspace       used 117242K, committed 119040K, reserved 1179648K
  class space    used 16031K, committed 16832K, reserved 1048576K

Heap Regions: E=young(eden), S=young(survivor), O=old, HS=humongous(starts), HC=humongous(continues), CS=collection set, F=free, OA=open archive, CA=closed archive, TAMS=top-at-mark-start (previous, next)
|   0|0x00000000a0000000, 0x00000000a0100000, 0x00000000a0100000|100%| O|  |TAMS 0x00000000a0100000, 0x00000000a0000000| Untracked 
|   1|0x00000000a0100000, 0x00000000a0200000, 0x00000000a0200000|100%| O|  |TAMS 0x00000000a0200000, 0x00000000a0100000| Untracked 
|   2|0x00000000a0200000, 0x00000000a0300000, 0x00000000a0300000|100%| O|  |TAMS 0x00000000a0300000, 0x00000000a0200000| Untracked 
|   3|0x00000000a0300000, 0x00000000a0400000, 0x00000000a0400000|100%|HS|  |TAMS 0x00000000a0400000, 0x00000000a0300000| Complete 
|   4|0x00000000a0400000, 0x00000000a0500000, 0x00000000a0500000|100%|HC|  |TAMS 0x00000000a0500000, 0x00000000a0400000| Complete 
|   5|0x00000000a0500000, 0x00000000a0600000, 0x00000000a0600000|100%|HC|  |TAMS 0x00000000a0600000, 0x00000000a0500000| Complete 
|   6|0x00000000a0600000, 0x00000000a0700000, 0x00000000a0700000|100%| O|  |TAMS 0x00000000a0700000, 0x00000000a0600000| Untracked 
|   7|0x00000000a0700000, 0x00000000a0800000, 0x00000000a0800000|100%| O|  |TAMS 0x00000000a0800000, 0x00000000a0700000| Untracked 
|   8|0x00000000a0800000, 0x00000000a0900000, 0x00000000a0900000|100%| O|  |TAMS 0x00000000a0900000, 0x00000000a0800000| Untracked 
|   9|0x00000000a0900000, 0x00000000a0a00000, 0x00000000a0a00000|100%| O|  |TAMS 0x00000000a0a00000, 0x00000000a0900000| Untracked 
|  10|0x00000000a0a00000, 0x00000000a0b00000, 0x00000000a0b00000|100%| O|  |TAMS 0x00000000a0a00000, 0x00000000a0a00000| Untracked 
|  11|0x00000000a0b00000, 0x00000000a0c00000, 0x00000000a0c00000|100%| O|  |TAMS 0x00000000a0c00000, 0x00000000a0b00000| Untracked 
|  12|0x00000000a0c00000, 0x00000000a0d00000, 0x00000000a0d00000|100%| O|  |TAMS 0x00000000a0d00000, 0x00000000a0c00000| Untracked 
|  13|0x00000000a0d00000, 0x00000000a0e00000, 0x00000000a0e00000|100%| O|  |TAMS 0x00000000a0e00000, 0x00000000a0d00000| Untracked 
|  14|0x00000000a0e00000, 0x00000000a0f00000, 0x00000000a0f00000|100%| O|  |TAMS 0x00000000a0f00000, 0x00000000a0e00000| Untracked 
|  15|0x00000000a0f00000, 0x00000000a1000000, 0x00000000a1000000|100%| O|  |TAMS 0x00000000a1000000, 0x00000000a0f00000| Untracked 
|  16|0x00000000a1000000, 0x00000000a1100000, 0x00000000a1100000|100%| O|  |TAMS 0x00000000a1100000, 0x00000000a1000000| Untracked 
|  17|0x00000000a1100000, 0x00000000a1200000, 0x00000000a1200000|100%| O|  |TAMS 0x00000000a1200000, 0x00000000a1100000| Untracked 
|  18|0x00000000a1200000, 0x00000000a1300000, 0x00000000a1300000|100%| O|  |TAMS 0x00000000a1300000, 0x00000000a1200000| Untracked 
|  19|0x00000000a1300000, 0x00000000a1400000, 0x00000000a1400000|100%| O|  |TAMS 0x00000000a1400000, 0x00000000a1300000| Untracked 
|  20|0x00000000a1400000, 0x00000000a1500000, 0x00000000a1500000|100%| O|  |TAMS 0x00000000a1500000, 0x00000000a1400000| Untracked 
|  21|0x00000000a1500000, 0x00000000a1600000, 0x00000000a1600000|100%| O|  |TAMS 0x00000000a1600000, 0x00000000a1500000| Untracked 
|  22|0x00000000a1600000, 0x00000000a1700000, 0x00000000a1700000|100%| O|  |TAMS 0x00000000a1700000, 0x00000000a1600000| Untracked 
|  23|0x00000000a1700000, 0x00000000a1800000, 0x00000000a1800000|100%| O|  |TAMS 0x00000000a1800000, 0x00000000a1700000| Untracked 
|  24|0x00000000a1800000, 0x00000000a1900000, 0x00000000a1900000|100%| O|  |TAMS 0x00000000a1900000, 0x00000000a1800000| Untracked 
|  25|0x00000000a1900000, 0x00000000a1a00000, 0x00000000a1a00000|100%| O|  |TAMS 0x00000000a1a00000, 0x00000000a1900000| Untracked 
|  26|0x00000000a1a00000, 0x00000000a1b00000, 0x00000000a1b00000|100%| O|  |TAMS 0x00000000a1b00000, 0x00000000a1a00000| Untracked 
|  27|0x00000000a1b00000, 0x00000000a1c00000, 0x00000000a1c00000|100%| O|  |TAMS 0x00000000a1c00000, 0x00000000a1b00000| Untracked 
|  28|0x00000000a1c00000, 0x00000000a1d00000, 0x00000000a1d00000|100%| O|  |TAMS 0x00000000a1d00000, 0x00000000a1c00000| Untracked 
|  29|0x00000000a1d00000, 0x00000000a1e00000, 0x00000000a1e00000|100%| O|  |TAMS 0x00000000a1e00000, 0x00000000a1d00000| Untracked 
|  30|0x00000000a1e00000, 0x00000000a1f00000, 0x00000000a1f00000|100%| O|  |TAMS 0x00000000a1f00000, 0x00000000a1e00000| Untracked 
|  31|0x00000000a1f00000, 0x00000000a2000000, 0x00000000a2000000|100%| O|  |TAMS 0x00000000a2000000, 0x00000000a1f00000| Untracked 
|  32|0x00000000a2000000, 0x00000000a2100000, 0x00000000a2100000|100%| O|  |TAMS 0x00000000a2100000, 0x00000000a2000000| Untracked 
|  33|0x00000000a2100000, 0x00000000a2200000, 0x00000000a2200000|100%| O|  |TAMS 0x00000000a2200000, 0x00000000a2100000| Untracked 
|  34|0x00000000a2200000, 0x00000000a2300000, 0x00000000a2300000|100%| O|  |TAMS 0x00000000a2300000, 0x00000000a2200000| Untracked 
|  35|0x00000000a2300000, 0x00000000a2400000, 0x00000000a2400000|100%| O|  |TAMS 0x00000000a2400000, 0x00000000a2300000| Untracked 
|  36|0x00000000a2400000, 0x00000000a2500000, 0x00000000a2500000|100%| O|  |TAMS 0x00000000a2500000, 0x00000000a2400000| Untracked 
|  37|0x00000000a2500000, 0x00000000a2600000, 0x00000000a2600000|100%| O|  |TAMS 0x00000000a2600000, 0x00000000a2500000| Untracked 
|  38|0x00000000a2600000, 0x00000000a2700000, 0x00000000a2700000|100%| O|  |TAMS 0x00000000a2700000, 0x00000000a2600000| Untracked 
|  39|0x00000000a2700000, 0x00000000a2800000, 0x00000000a2800000|100%| O|  |TAMS 0x00000000a2800000, 0x00000000a2700000| Untracked 
|  40|0x00000000a2800000, 0x00000000a2900000, 0x00000000a2900000|100%| O|  |TAMS 0x00000000a2900000, 0x00000000a2800000| Untracked 
|  41|0x00000000a2900000, 0x00000000a2a00000, 0x00000000a2a00000|100%| O|  |TAMS 0x00000000a2a00000, 0x00000000a2900000| Untracked 
|  42|0x00000000a2a00000, 0x00000000a2b00000, 0x00000000a2b00000|100%| O|  |TAMS 0x00000000a2b00000, 0x00000000a2a00000| Untracked 
|  43|0x00000000a2b00000, 0x00000000a2c00000, 0x00000000a2c00000|100%| O|  |TAMS 0x00000000a2c00000, 0x00000000a2b00000| Untracked 
|  44|0x00000000a2c00000, 0x00000000a2d00000, 0x00000000a2d00000|100%|HS|  |TAMS 0x00000000a2d00000, 0x00000000a2c00000| Complete 
|  45|0x00000000a2d00000, 0x00000000a2e00000, 0x00000000a2e00000|100%|HS|  |TAMS 0x00000000a2e00000, 0x00000000a2d00000| Complete 
|  46|0x00000000a2e00000, 0x00000000a2f00000, 0x00000000a2f00000|100%|HC|  |TAMS 0x00000000a2f00000, 0x00000000a2e00000| Complete 
|  47|0x00000000a2f00000, 0x00000000a3000000, 0x00000000a3000000|100%|HS|  |TAMS 0x00000000a3000000, 0x00000000a2f00000| Complete 
|  48|0x00000000a3000000, 0x00000000a3100000, 0x00000000a3100000|100%|HS|  |TAMS 0x00000000a3100000, 0x00000000a3000000| Complete 
|  49|0x00000000a3100000, 0x00000000a3200000, 0x00000000a3200000|100%|HC|  |TAMS 0x00000000a3200000, 0x00000000a3100000| Complete 
|  50|0x00000000a3200000, 0x00000000a3300000, 0x00000000a3300000|100%|HC|  |TAMS 0x00000000a3300000, 0x00000000a3200000| Complete 
|  51|0x00000000a3300000, 0x00000000a3400000, 0x00000000a3400000|100%|HC|  |TAMS 0x00000000a3400000, 0x00000000a3300000| Complete 
|  52|0x00000000a3400000, 0x00000000a3500000, 0x00000000a3500000|100%| O|  |TAMS 0x00000000a3500000, 0x00000000a3400000| Untracked 
|  53|0x00000000a3500000, 0x00000000a3600000, 0x00000000a3600000|100%| O|  |TAMS 0x00000000a3600000, 0x00000000a3500000| Untracked 
|  54|0x00000000a3600000, 0x00000000a3700000, 0x00000000a3700000|100%| O|  |TAMS 0x00000000a3700000, 0x00000000a3600000| Untracked 
|  55|0x00000000a3700000, 0x00000000a3800000, 0x00000000a3800000|100%| O|  |TAMS 0x00000000a3800000, 0x00000000a3700000| Untracked 
|  56|0x00000000a3800000, 0x00000000a3900000, 0x00000000a3900000|100%| O|  |TAMS 0x00000000a3900000, 0x00000000a3800000| Untracked 
|  57|0x00000000a3900000, 0x00000000a3a00000, 0x00000000a3a00000|100%|HS|  |TAMS 0x00000000a3a00000, 0x00000000a3900000| Complete 
|  58|0x00000000a3a00000, 0x00000000a3b00000, 0x00000000a3b00000|100%|HC|  |TAMS 0x00000000a3b00000, 0x00000000a3a00000| Complete 
|  59|0x00000000a3b00000, 0x00000000a3c00000, 0x00000000a3c00000|100%| O|  |TAMS 0x00000000a3c00000, 0x00000000a3b00000| Untracked 
|  60|0x00000000a3c00000, 0x00000000a3d00000, 0x00000000a3d00000|100%| O|  |TAMS 0x00000000a3d00000, 0x00000000a3c00000| Untracked 
|  61|0x00000000a3d00000, 0x00000000a3e00000, 0x00000000a3e00000|100%| O|  |TAMS 0x00000000a3e00000, 0x00000000a3d00000| Untracked 
|  62|0x00000000a3e00000, 0x00000000a3f00000, 0x00000000a3f00000|100%| O|  |TAMS 0x00000000a3f00000, 0x00000000a3e00000| Untracked 
|  63|0x00000000a3f00000, 0x00000000a4000000, 0x00000000a4000000|100%| O|  |TAMS 0x00000000a4000000, 0x00000000a3f00000| Untracked 
|  64|0x00000000a4000000, 0x00000000a4100000, 0x00000000a4100000|100%| O|  |TAMS 0x00000000a4100000, 0x00000000a4000000| Untracked 
|  65|0x00000000a4100000, 0x00000000a4200000, 0x00000000a4200000|100%| O|  |TAMS 0x00000000a4200000, 0x00000000a4100000| Untracked 
|  66|0x00000000a4200000, 0x00000000a4300000, 0x00000000a4300000|100%| O|  |TAMS 0x00000000a4300000, 0x00000000a4200000| Untracked 
|  67|0x00000000a4300000, 0x00000000a4400000, 0x00000000a4400000|100%| O|  |TAMS 0x00000000a4400000, 0x00000000a4300000| Untracked 
|  68|0x00000000a4400000, 0x00000000a4500000, 0x00000000a4500000|100%| O|  |TAMS 0x00000000a4500000, 0x00000000a4400000| Untracked 
|  69|0x00000000a4500000, 0x00000000a4600000, 0x00000000a4600000|100%| O|  |TAMS 0x00000000a4600000, 0x00000000a4500000| Untracked 
|  70|0x00000000a4600000, 0x00000000a4700000, 0x00000000a4700000|100%| O|  |TAMS 0x00000000a4700000, 0x00000000a4600000| Untracked 
|  71|0x00000000a4700000, 0x00000000a4800000, 0x00000000a4800000|100%| O|  |TAMS 0x00000000a4800000, 0x00000000a4700000| Untracked 
|  72|0x00000000a4800000, 0x00000000a4900000, 0x00000000a4900000|100%| O|  |TAMS 0x00000000a4900000, 0x00000000a4800000| Untracked 
|  73|0x00000000a4900000, 0x00000000a4a00000, 0x00000000a4a00000|100%| O|  |TAMS 0x00000000a4a00000, 0x00000000a4900000| Untracked 
|  74|0x00000000a4a00000, 0x00000000a4b00000, 0x00000000a4b00000|100%|HS|  |TAMS 0x00000000a4b00000, 0x00000000a4a00000| Complete 
|  75|0x00000000a4b00000, 0x00000000a4c00000, 0x00000000a4c00000|100%|HS|  |TAMS 0x00000000a4c00000, 0x00000000a4b00000| Complete 
|  76|0x00000000a4c00000, 0x00000000a4d00000, 0x00000000a4d00000|100%|HC|  |TAMS 0x00000000a4d00000, 0x00000000a4c00000| Complete 
|  77|0x00000000a4d00000, 0x00000000a4e00000, 0x00000000a4e00000|100%|HC|  |TAMS 0x00000000a4e00000, 0x00000000a4d00000| Complete 
|  78|0x00000000a4e00000, 0x00000000a4f00000, 0x00000000a4f00000|100%| O|  |TAMS 0x00000000a4f00000, 0x00000000a4e00000| Untracked 
|  79|0x00000000a4f00000, 0x00000000a5000000, 0x00000000a5000000|100%| O|  |TAMS 0x00000000a5000000, 0x00000000a4f00000| Untracked 
|  80|0x00000000a5000000, 0x00000000a5100000, 0x00000000a5100000|100%| O|  |TAMS 0x00000000a5100000, 0x00000000a5000000| Untracked 
|  81|0x00000000a5100000, 0x00000000a5200000, 0x00000000a5200000|100%| O|  |TAMS 0x00000000a5200000, 0x00000000a5100000| Untracked 
|  82|0x00000000a5200000, 0x00000000a5300000, 0x00000000a5300000|100%| O|  |TAMS 0x00000000a5300000, 0x00000000a5200000| Untracked 
|  83|0x00000000a5300000, 0x00000000a5400000, 0x00000000a5400000|100%| O|  |TAMS 0x00000000a5400000, 0x00000000a5300000| Untracked 
|  84|0x00000000a5400000, 0x00000000a5500000, 0x00000000a5500000|100%| O|  |TAMS 0x00000000a5500000, 0x00000000a5400000| Untracked 
|  85|0x00000000a5500000, 0x00000000a5600000, 0x00000000a5600000|100%| O|  |TAMS 0x00000000a5600000, 0x00000000a5500000| Untracked 
|  86|0x00000000a5600000, 0x00000000a5700000, 0x00000000a5700000|100%| O|  |TAMS 0x00000000a5700000, 0x00000000a5600000| Untracked 
|  87|0x00000000a5700000, 0x00000000a5800000, 0x00000000a5800000|100%| O|  |TAMS 0x00000000a5800000, 0x00000000a5700000| Untracked 
|  88|0x00000000a5800000, 0x00000000a5900000, 0x00000000a5900000|100%| O|  |TAMS 0x00000000a5900000, 0x00000000a5800000| Untracked 
|  89|0x00000000a5900000, 0x00000000a5a00000, 0x00000000a5a00000|100%| O|  |TAMS 0x00000000a5a00000, 0x00000000a5900000| Untracked 
|  90|0x00000000a5a00000, 0x00000000a5b00000, 0x00000000a5b00000|100%| O|  |TAMS 0x00000000a5b00000, 0x00000000a5a00000| Untracked 
|  91|0x00000000a5b00000, 0x00000000a5c00000, 0x00000000a5c00000|100%| O|  |TAMS 0x00000000a5c00000, 0x00000000a5b00000| Untracked 
|  92|0x00000000a5c00000, 0x00000000a5d00000, 0x00000000a5d00000|100%| O|  |TAMS 0x00000000a5d00000, 0x00000000a5c00000| Untracked 
|  93|0x00000000a5d00000, 0x00000000a5e00000, 0x00000000a5e00000|100%|HS|  |TAMS 0x00000000a5e00000, 0x00000000a5d00000| Complete 
|  94|0x00000000a5e00000, 0x00000000a5f00000, 0x00000000a5f00000|100%|HS|  |TAMS 0x00000000a5f00000, 0x00000000a5e00000| Complete 
|  95|0x00000000a5f00000, 0x00000000a6000000, 0x00000000a6000000|100%|HS|  |TAMS 0x00000000a6000000, 0x00000000a5f00000| Complete 
|  96|0x00000000a6000000, 0x00000000a6100000, 0x00000000a6100000|100%| O|  |TAMS 0x00000000a6100000, 0x00000000a6000000| Untracked 
|  97|0x00000000a6100000, 0x00000000a6200000, 0x00000000a6200000|100%| O|  |TAMS 0x00000000a6200000, 0x00000000a6100000| Untracked 
|  98|0x00000000a6200000, 0x00000000a6300000, 0x00000000a6300000|100%| O|  |TAMS 0x00000000a6300000, 0x00000000a6200000| Untracked 
|  99|0x00000000a6300000, 0x00000000a6400000, 0x00000000a6400000|100%| O|  |TAMS 0x00000000a6400000, 0x00000000a6300000| Untracked 
| 100|0x00000000a6400000, 0x00000000a6500000, 0x00000000a6500000|100%| O|  |TAMS 0x00000000a6500000, 0x00000000a6400000| Untracked 
| 101|0x00000000a6500000, 0x00000000a6600000, 0x00000000a6600000|100%| O|  |TAMS 0x00000000a6600000, 0x00000000a6500000| Untracked 
| 102|0x00000000a6600000, 0x00000000a6700000, 0x00000000a6700000|100%| O|  |TAMS 0x00000000a6700000, 0x00000000a6600000| Untracked 
| 103|0x00000000a6700000, 0x00000000a6800000, 0x00000000a6800000|100%|HS|  |TAMS 0x00000000a6800000, 0x00000000a6700000| Complete 
| 104|0x00000000a6800000, 0x00000000a6900000, 0x00000000a6900000|100%| O|  |TAMS 0x00000000a6900000, 0x00000000a6800000| Untracked 
| 105|0x00000000a6900000, 0x00000000a6a00000, 0x00000000a6a00000|100%| O|  |TAMS 0x00000000a6a00000, 0x00000000a6900000| Untracked 
| 106|0x00000000a6a00000, 0x00000000a6b00000, 0x00000000a6b00000|100%| O|  |TAMS 0x00000000a6b00000, 0x00000000a6a00000| Untracked 
| 107|0x00000000a6b00000, 0x00000000a6c00000, 0x00000000a6c00000|100%| O|  |TAMS 0x00000000a6c00000, 0x00000000a6b00000| Untracked 
| 108|0x00000000a6c00000, 0x00000000a6d00000, 0x00000000a6d00000|100%| O|  |TAMS 0x00000000a6d00000, 0x00000000a6c00000| Untracked 
| 109|0x00000000a6d00000, 0x00000000a6e00000, 0x00000000a6e00000|100%| O|  |TAMS 0x00000000a6e00000, 0x00000000a6d00000| Untracked 
| 110|0x00000000a6e00000, 0x00000000a6f00000, 0x00000000a6f00000|100%|HS|  |TAMS 0x00000000a6f00000, 0x00000000a6e00000| Complete 
| 111|0x00000000a6f00000, 0x00000000a7000000, 0x00000000a7000000|100%|HS|  |TAMS 0x00000000a7000000, 0x00000000a6f00000| Complete 
| 112|0x00000000a7000000, 0x00000000a7100000, 0x00000000a7100000|100%| O|  |TAMS 0x00000000a7100000, 0x00000000a7000000| Untracked 
| 113|0x00000000a7100000, 0x00000000a7200000, 0x00000000a7200000|100%| O|  |TAMS 0x00000000a7200000, 0x00000000a7100000| Untracked 
| 114|0x00000000a7200000, 0x00000000a7300000, 0x00000000a7300000|100%| O|  |TAMS 0x00000000a7300000, 0x00000000a7200000| Untracked 
| 115|0x00000000a7300000, 0x00000000a7400000, 0x00000000a7400000|100%| O|  |TAMS 0x00000000a7400000, 0x00000000a7300000| Untracked 
| 116|0x00000000a7400000, 0x00000000a7500000, 0x00000000a7500000|100%| O|  |TAMS 0x00000000a7500000, 0x00000000a7400000| Untracked 
| 117|0x00000000a7500000, 0x00000000a7600000, 0x00000000a7600000|100%| O|  |TAMS 0x00000000a7600000, 0x00000000a7500000| Untracked 
| 118|0x00000000a7600000, 0x00000000a7700000, 0x00000000a7700000|100%| O|  |TAMS 0x00000000a7700000, 0x00000000a7600000| Untracked 
| 119|0x00000000a7700000, 0x00000000a7800000, 0x00000000a7800000|100%| O|  |TAMS 0x00000000a7800000, 0x00000000a7700000| Untracked 
| 120|0x00000000a7800000, 0x00000000a7900000, 0x00000000a7900000|100%| O|  |TAMS 0x00000000a7900000, 0x00000000a7800000| Untracked 
| 121|0x00000000a7900000, 0x00000000a7a00000, 0x00000000a7a00000|100%|HS|  |TAMS 0x00000000a7a00000, 0x00000000a7900000| Complete 
| 122|0x00000000a7a00000, 0x00000000a7b00000, 0x00000000a7b00000|100%|HS|  |TAMS 0x00000000a7b00000, 0x00000000a7a00000| Complete 
| 123|0x00000000a7b00000, 0x00000000a7c00000, 0x00000000a7c00000|100%|HS|  |TAMS 0x00000000a7c00000, 0x00000000a7b00000| Complete 
| 124|0x00000000a7c00000, 0x00000000a7d00000, 0x00000000a7d00000|100%| O|  |TAMS 0x00000000a7d00000, 0x00000000a7c00000| Untracked 
| 125|0x00000000a7d00000, 0x00000000a7e00000, 0x00000000a7e00000|100%|HS|  |TAMS 0x00000000a7e00000, 0x00000000a7d00000| Complete 
| 126|0x00000000a7e00000, 0x00000000a7f00000, 0x00000000a7f00000|100%|HS|  |TAMS 0x00000000a7f00000, 0x00000000a7e00000| Complete 
| 127|0x00000000a7f00000, 0x00000000a8000000, 0x00000000a8000000|100%|HS|  |TAMS 0x00000000a8000000, 0x00000000a7f00000| Complete 
| 128|0x00000000a8000000, 0x00000000a8100000, 0x00000000a8100000|100%|HS|  |TAMS 0x00000000a8100000, 0x00000000a8000000| Complete 
| 129|0x00000000a8100000, 0x00000000a8200000, 0x00000000a8200000|100%|HS|  |TAMS 0x00000000a8200000, 0x00000000a8100000| Complete 
| 130|0x00000000a8200000, 0x00000000a8300000, 0x00000000a8300000|100%|HC|  |TAMS 0x00000000a8300000, 0x00000000a8200000| Complete 
| 131|0x00000000a8300000, 0x00000000a8400000, 0x00000000a8400000|100%|HC|  |TAMS 0x00000000a8400000, 0x00000000a8300000| Complete 
| 132|0x00000000a8400000, 0x00000000a8500000, 0x00000000a8500000|100%| O|  |TAMS 0x00000000a8500000, 0x00000000a8400000| Untracked 
| 133|0x00000000a8500000, 0x00000000a8600000, 0x00000000a8600000|100%| O|  |TAMS 0x00000000a8600000, 0x00000000a8500000| Untracked 
| 134|0x00000000a8600000, 0x00000000a8700000, 0x00000000a8700000|100%| O|  |TAMS 0x00000000a8700000, 0x00000000a8600000| Untracked 
| 135|0x00000000a8700000, 0x00000000a8800000, 0x00000000a8800000|100%| O|  |TAMS 0x00000000a8800000, 0x00000000a8700000| Untracked 
| 136|0x00000000a8800000, 0x00000000a8900000, 0x00000000a8900000|100%| O|  |TAMS 0x00000000a8900000, 0x00000000a8800000| Untracked 
| 137|0x00000000a8900000, 0x00000000a8a00000, 0x00000000a8a00000|100%| O|  |TAMS 0x00000000a8a00000, 0x00000000a8900000| Untracked 
| 138|0x00000000a8a00000, 0x00000000a8b00000, 0x00000000a8b00000|100%| O|  |TAMS 0x00000000a8b00000, 0x00000000a8a00000| Untracked 
| 139|0x00000000a8b00000, 0x00000000a8c00000, 0x00000000a8c00000|100%| O|  |TAMS 0x00000000a8c00000, 0x00000000a8b00000| Untracked 
| 140|0x00000000a8c00000, 0x00000000a8d00000, 0x00000000a8d00000|100%| O|  |TAMS 0x00000000a8d00000, 0x00000000a8c00000| Untracked 
| 141|0x00000000a8d00000, 0x00000000a8e00000, 0x00000000a8e00000|100%| O|  |TAMS 0x00000000a8e00000, 0x00000000a8d00000| Untracked 
| 142|0x00000000a8e00000, 0x00000000a8f00000, 0x00000000a8f00000|100%| O|  |TAMS 0x00000000a8f00000, 0x00000000a8e00000| Untracked 
| 143|0x00000000a8f00000, 0x00000000a9000000, 0x00000000a9000000|100%| O|  |TAMS 0x00000000a9000000, 0x00000000a8f00000| Untracked 
| 144|0x00000000a9000000, 0x00000000a9100000, 0x00000000a9100000|100%| O|  |TAMS 0x00000000a9100000, 0x00000000a9000000| Untracked 
| 145|0x00000000a9100000, 0x00000000a9200000, 0x00000000a9200000|100%| O|  |TAMS 0x00000000a9200000, 0x00000000a9100000| Untracked 
| 146|0x00000000a9200000, 0x00000000a9300000, 0x00000000a9300000|100%| O|  |TAMS 0x00000000a9300000, 0x00000000a9200000| Untracked 
| 147|0x00000000a9300000, 0x00000000a9400000, 0x00000000a9400000|100%| O|  |TAMS 0x00000000a9400000, 0x00000000a9300000| Untracked 
| 148|0x00000000a9400000, 0x00000000a9500000, 0x00000000a9500000|100%| O|  |TAMS 0x00000000a9400000, 0x00000000a9400000| Untracked 
| 149|0x00000000a9500000, 0x00000000a9600000, 0x00000000a9600000|100%| O|  |TAMS 0x00000000a9600000, 0x00000000a9500000| Untracked 
| 150|0x00000000a9600000, 0x00000000a9700000, 0x00000000a9700000|100%| O|  |TAMS 0x00000000a9700000, 0x00000000a9600000| Untracked 
| 151|0x00000000a9700000, 0x00000000a9800000, 0x00000000a9800000|100%| O|  |TAMS 0x00000000a9800000, 0x00000000a9700000| Untracked 
| 152|0x00000000a9800000, 0x00000000a9900000, 0x00000000a9900000|100%| O|  |TAMS 0x00000000a9900000, 0x00000000a9800000| Untracked 
| 153|0x00000000a9900000, 0x00000000a9a00000, 0x00000000a9a00000|100%| O|  |TAMS 0x00000000a9a00000, 0x00000000a9900000| Untracked 
| 154|0x00000000a9a00000, 0x00000000a9b00000, 0x00000000a9b00000|100%| O|  |TAMS 0x00000000a9a00000, 0x00000000a9a00000| Untracked 
| 155|0x00000000a9b00000, 0x00000000a9c00000, 0x00000000a9c00000|100%| O|  |TAMS 0x00000000a9b00000, 0x00000000a9b00000| Untracked 
| 156|0x00000000a9c00000, 0x00000000a9d00000, 0x00000000a9d00000|100%| O|  |TAMS 0x00000000a9c00000, 0x00000000a9c00000| Untracked 
| 157|0x00000000a9d00000, 0x00000000a9e00000, 0x00000000a9e00000|100%| O|  |TAMS 0x00000000a9d00000, 0x00000000a9d00000| Untracked 
| 158|0x00000000a9e00000, 0x00000000a9f00000, 0x00000000a9f00000|100%| O|  |TAMS 0x00000000a9e00000, 0x00000000a9e00000| Untracked 
| 159|0x00000000a9f00000, 0x00000000aa000000, 0x00000000aa000000|100%| O|  |TAMS 0x00000000a9f00000, 0x00000000a9f00000| Untracked 
| 160|0x00000000aa000000, 0x00000000aa100000, 0x00000000aa100000|100%| O|  |TAMS 0x00000000aa000000, 0x00000000aa000000| Untracked 
| 161|0x00000000aa100000, 0x00000000aa200000, 0x00000000aa200000|100%| O|  |TAMS 0x00000000aa100000, 0x00000000aa100000| Untracked 
| 162|0x00000000aa200000, 0x00000000aa300000, 0x00000000aa300000|100%| O|  |TAMS 0x00000000aa200000, 0x00000000aa200000| Untracked 
| 163|0x00000000aa300000, 0x00000000aa400000, 0x00000000aa400000|100%| O|  |TAMS 0x00000000aa300000, 0x00000000aa300000| Untracked 
| 164|0x00000000aa400000, 0x00000000aa500000, 0x00000000aa500000|100%| O|  |TAMS 0x00000000aa400000, 0x00000000aa400000| Untracked 
| 165|0x00000000aa500000, 0x00000000aa600000, 0x00000000aa600000|100%| O|  |TAMS 0x00000000aa500000, 0x00000000aa500000| Untracked 
| 166|0x00000000aa600000, 0x00000000aa700000, 0x00000000aa700000|100%| O|  |TAMS 0x00000000aa600000, 0x00000000aa600000| Untracked 
| 167|0x00000000aa700000, 0x00000000aa800000, 0x00000000aa800000|100%| O|  |TAMS 0x00000000aa700000, 0x00000000aa700000| Untracked 
| 168|0x00000000aa800000, 0x00000000aa900000, 0x00000000aa900000|100%| O|  |TAMS 0x00000000aa800000, 0x00000000aa800000| Untracked 
| 169|0x00000000aa900000, 0x00000000aaa00000, 0x00000000aaa00000|100%| O|  |TAMS 0x00000000aa900000, 0x00000000aa900000| Untracked 
| 170|0x00000000aaa00000, 0x00000000aab00000, 0x00000000aab00000|100%| O|  |TAMS 0x00000000aaa00000, 0x00000000aaa00000| Untracked 
| 171|0x00000000aab00000, 0x00000000aac00000, 0x00000000aac00000|100%| O|  |TAMS 0x00000000aab00000, 0x00000000aab00000| Untracked 
| 172|0x00000000aac00000, 0x00000000aad00000, 0x00000000aad00000|100%| O|  |TAMS 0x00000000aac00000, 0x00000000aac00000| Untracked 
| 173|0x00000000aad00000, 0x00000000aae00000, 0x00000000aae00000|100%| O|  |TAMS 0x00000000aad00000, 0x00000000aad00000| Untracked 
| 174|0x00000000aae00000, 0x00000000aaf00000, 0x00000000aaf00000|100%| O|  |TAMS 0x00000000aae00000, 0x00000000aae00000| Untracked 
| 175|0x00000000aaf00000, 0x00000000ab000000, 0x00000000ab000000|100%| O|  |TAMS 0x00000000aaf00000, 0x00000000aaf00000| Untracked 
| 176|0x00000000ab000000, 0x00000000ab100000, 0x00000000ab100000|100%| O|  |TAMS 0x00000000ab000000, 0x00000000ab000000| Untracked 
| 177|0x00000000ab100000, 0x00000000ab200000, 0x00000000ab200000|100%| O|  |TAMS 0x00000000ab100000, 0x00000000ab100000| Untracked 
| 178|0x00000000ab200000, 0x00000000ab300000, 0x00000000ab300000|100%| O|  |TAMS 0x00000000ab200000, 0x00000000ab200000| Untracked 
| 179|0x00000000ab300000, 0x00000000ab400000, 0x00000000ab400000|100%| O|  |TAMS 0x00000000ab300000, 0x00000000ab300000| Untracked 
| 180|0x00000000ab400000, 0x00000000ab500000, 0x00000000ab500000|100%| O|  |TAMS 0x00000000ab400000, 0x00000000ab400000| Untracked 
| 181|0x00000000ab500000, 0x00000000ab600000, 0x00000000ab600000|100%| O|  |TAMS 0x00000000ab500000, 0x00000000ab500000| Untracked 
| 182|0x00000000ab600000, 0x00000000ab700000, 0x00000000ab700000|100%| O|  |TAMS 0x00000000ab600000, 0x00000000ab600000| Untracked 
| 183|0x00000000ab700000, 0x00000000ab800000, 0x00000000ab800000|100%| O|  |TAMS 0x00000000ab700000, 0x00000000ab700000| Untracked 
| 184|0x00000000ab800000, 0x00000000ab900000, 0x00000000ab900000|100%| O|  |TAMS 0x00000000ab800000, 0x00000000ab800000| Untracked 
| 185|0x00000000ab900000, 0x00000000aba00000, 0x00000000aba00000|100%| O|  |TAMS 0x00000000ab900000, 0x00000000ab900000| Untracked 
| 186|0x00000000aba00000, 0x00000000abb00000, 0x00000000abb00000|100%| O|  |TAMS 0x00000000aba00000, 0x00000000aba00000| Untracked 
| 187|0x00000000abb00000, 0x00000000abc00000, 0x00000000abc00000|100%| O|  |TAMS 0x00000000abb00000, 0x00000000abb00000| Untracked 
| 188|0x00000000abc00000, 0x00000000abd00000, 0x00000000abd00000|100%| O|  |TAMS 0x00000000abc00000, 0x00000000abc00000| Untracked 
| 189|0x00000000abd00000, 0x00000000abe00000, 0x00000000abe00000|100%| O|  |TAMS 0x00000000abd00000, 0x00000000abd00000| Untracked 
| 190|0x00000000abe00000, 0x00000000abf00000, 0x00000000abf00000|100%| O|  |TAMS 0x00000000abe00000, 0x00000000abe00000| Untracked 
| 191|0x00000000abf00000, 0x00000000ac000000, 0x00000000ac000000|100%| O|  |TAMS 0x00000000abf00000, 0x00000000abf00000| Untracked 
| 192|0x00000000ac000000, 0x00000000ac100000, 0x00000000ac100000|100%| O|  |TAMS 0x00000000ac000000, 0x00000000ac000000| Untracked 
| 193|0x00000000ac100000, 0x00000000ac200000, 0x00000000ac200000|100%| O|  |TAMS 0x00000000ac100000, 0x00000000ac100000| Untracked 
| 194|0x00000000ac200000, 0x00000000ac300000, 0x00000000ac300000|100%| O|  |TAMS 0x00000000ac200000, 0x00000000ac200000| Untracked 
| 195|0x00000000ac300000, 0x00000000ac400000, 0x00000000ac400000|100%| O|  |TAMS 0x00000000ac300000, 0x00000000ac300000| Untracked 
| 196|0x00000000ac400000, 0x00000000ac500000, 0x00000000ac500000|100%| O|  |TAMS 0x00000000ac400000, 0x00000000ac400000| Untracked 
| 197|0x00000000ac500000, 0x00000000ac600000, 0x00000000ac600000|100%| O|  |TAMS 0x00000000ac500000, 0x00000000ac500000| Untracked 
| 198|0x00000000ac600000, 0x00000000ac700000, 0x00000000ac700000|100%| O|  |TAMS 0x00000000ac600000, 0x00000000ac600000| Untracked 
| 199|0x00000000ac700000, 0x00000000ac800000, 0x00000000ac800000|100%| O|  |TAMS 0x00000000ac700000, 0x00000000ac700000| Untracked 
| 200|0x00000000ac800000, 0x00000000ac900000, 0x00000000ac900000|100%| O|  |TAMS 0x00000000ac800000, 0x00000000ac800000| Untracked 
| 201|0x00000000ac900000, 0x00000000aca00000, 0x00000000aca00000|100%| O|  |TAMS 0x00000000ac900000, 0x00000000ac900000| Untracked 
| 202|0x00000000aca00000, 0x00000000acb00000, 0x00000000acb00000|100%| O|  |TAMS 0x00000000aca00000, 0x00000000aca00000| Untracked 
| 203|0x00000000acb00000, 0x00000000acc00000, 0x00000000acc00000|100%| O|  |TAMS 0x00000000acb00000, 0x00000000acb00000| Untracked 
| 204|0x00000000acc00000, 0x00000000acd00000, 0x00000000acd00000|100%| O|  |TAMS 0x00000000acc00000, 0x00000000acc00000| Untracked 
| 205|0x00000000acd00000, 0x00000000ace00000, 0x00000000ace00000|100%| O|  |TAMS 0x00000000acd00000, 0x00000000acd00000| Untracked 
| 206|0x00000000ace00000, 0x00000000acf00000, 0x00000000acf00000|100%| O|  |TAMS 0x00000000ace00000, 0x00000000ace00000| Untracked 
| 207|0x00000000acf00000, 0x00000000ad000000, 0x00000000ad000000|100%| O|  |TAMS 0x00000000acf00000, 0x00000000acf00000| Untracked 
| 208|0x00000000ad000000, 0x00000000ad100000, 0x00000000ad100000|100%| O|  |TAMS 0x00000000ad000000, 0x00000000ad000000| Untracked 
| 209|0x00000000ad100000, 0x00000000ad200000, 0x00000000ad200000|100%| O|  |TAMS 0x00000000ad100000, 0x00000000ad100000| Untracked 
| 210|0x00000000ad200000, 0x00000000ad300000, 0x00000000ad300000|100%| O|  |TAMS 0x00000000ad200000, 0x00000000ad200000| Untracked 
| 211|0x00000000ad300000, 0x00000000ad400000, 0x00000000ad400000|100%| O|  |TAMS 0x00000000ad300000, 0x00000000ad300000| Untracked 
| 212|0x00000000ad400000, 0x00000000ad500000, 0x00000000ad500000|100%| O|  |TAMS 0x00000000ad400000, 0x00000000ad400000| Untracked 
| 213|0x00000000ad500000, 0x00000000ad600000, 0x00000000ad600000|100%| O|  |TAMS 0x00000000ad500000, 0x00000000ad500000| Untracked 
| 214|0x00000000ad600000, 0x00000000ad700000, 0x00000000ad700000|100%| O|  |TAMS 0x00000000ad600000, 0x00000000ad600000| Untracked 
| 215|0x00000000ad700000, 0x00000000ad800000, 0x00000000ad800000|100%| O|  |TAMS 0x00000000ad700000, 0x00000000ad700000| Untracked 
| 216|0x00000000ad800000, 0x00000000ad900000, 0x00000000ad900000|100%| O|  |TAMS 0x00000000ad800000, 0x00000000ad800000| Untracked 
| 217|0x00000000ad900000, 0x00000000ada00000, 0x00000000ada00000|100%| O|  |TAMS 0x00000000ad900000, 0x00000000ad900000| Untracked 
| 218|0x00000000ada00000, 0x00000000adb00000, 0x00000000adb00000|100%| O|  |TAMS 0x00000000ada00000, 0x00000000ada00000| Untracked 
| 219|0x00000000adb00000, 0x00000000adc00000, 0x00000000adc00000|100%| O|  |TAMS 0x00000000adb00000, 0x00000000adb00000| Untracked 
| 220|0x00000000adc00000, 0x00000000add00000, 0x00000000add00000|100%| O|  |TAMS 0x00000000adc00000, 0x00000000adc00000| Untracked 
| 221|0x00000000add00000, 0x00000000ade00000, 0x00000000ade00000|100%| O|  |TAMS 0x00000000add00000, 0x00000000add00000| Untracked 
| 222|0x00000000ade00000, 0x00000000adf00000, 0x00000000adf00000|100%| O|  |TAMS 0x00000000ade00000, 0x00000000ade00000| Untracked 
| 223|0x00000000adf00000, 0x00000000ae000000, 0x00000000ae000000|100%| O|  |TAMS 0x00000000adf00000, 0x00000000adf00000| Untracked 
| 224|0x00000000ae000000, 0x00000000ae100000, 0x00000000ae100000|100%| O|  |TAMS 0x00000000ae000000, 0x00000000ae000000| Untracked 
| 225|0x00000000ae100000, 0x00000000ae200000, 0x00000000ae200000|100%| O|  |TAMS 0x00000000ae100000, 0x00000000ae100000| Untracked 
| 226|0x00000000ae200000, 0x00000000ae300000, 0x00000000ae300000|100%| O|  |TAMS 0x00000000ae200000, 0x00000000ae200000| Untracked 
| 227|0x00000000ae300000, 0x00000000ae400000, 0x00000000ae400000|100%| O|  |TAMS 0x00000000ae300000, 0x00000000ae300000| Untracked 
| 228|0x00000000ae400000, 0x00000000ae500000, 0x00000000ae500000|100%| O|  |TAMS 0x00000000ae400000, 0x00000000ae400000| Untracked 
| 229|0x00000000ae500000, 0x00000000ae600000, 0x00000000ae600000|100%| O|  |TAMS 0x00000000ae500000, 0x00000000ae500000| Untracked 
| 230|0x00000000ae600000, 0x00000000ae700000, 0x00000000ae700000|100%| O|  |TAMS 0x00000000ae600000, 0x00000000ae600000| Untracked 
| 231|0x00000000ae700000, 0x00000000ae800000, 0x00000000ae800000|100%| O|  |TAMS 0x00000000ae700000, 0x00000000ae700000| Untracked 
| 232|0x00000000ae800000, 0x00000000ae900000, 0x00000000ae900000|100%| O|  |TAMS 0x00000000ae800000, 0x00000000ae800000| Untracked 
| 233|0x00000000ae900000, 0x00000000aea00000, 0x00000000aea00000|100%| O|  |TAMS 0x00000000ae900000, 0x00000000ae900000| Untracked 
| 234|0x00000000aea00000, 0x00000000aeb00000, 0x00000000aeb00000|100%| O|  |TAMS 0x00000000aea00000, 0x00000000aea00000| Untracked 
| 235|0x00000000aeb00000, 0x00000000aec00000, 0x00000000aec00000|100%| O|  |TAMS 0x00000000aeb00000, 0x00000000aeb00000| Untracked 
| 236|0x00000000aec00000, 0x00000000aed00000, 0x00000000aed00000|100%| O|  |TAMS 0x00000000aec00000, 0x00000000aec00000| Untracked 
| 237|0x00000000aed00000, 0x00000000aee00000, 0x00000000aee00000|100%| O|  |TAMS 0x00000000aed00000, 0x00000000aed00000| Untracked 
| 238|0x00000000aee00000, 0x00000000aef00000, 0x00000000aef00000|100%| O|  |TAMS 0x00000000aee00000, 0x00000000aee00000| Untracked 
| 239|0x00000000aef00000, 0x00000000af000000, 0x00000000af000000|100%| O|  |TAMS 0x00000000aef00000, 0x00000000aef00000| Untracked 
| 240|0x00000000af000000, 0x00000000af100000, 0x00000000af100000|100%| O|  |TAMS 0x00000000af000000, 0x00000000af000000| Untracked 
| 241|0x00000000af100000, 0x00000000af200000, 0x00000000af200000|100%| O|  |TAMS 0x00000000af100000, 0x00000000af100000| Untracked 
| 242|0x00000000af200000, 0x00000000af300000, 0x00000000af300000|100%| O|  |TAMS 0x00000000af200000, 0x00000000af200000| Untracked 
| 243|0x00000000af300000, 0x00000000af400000, 0x00000000af400000|100%| O|  |TAMS 0x00000000af300000, 0x00000000af300000| Untracked 
| 244|0x00000000af400000, 0x00000000af500000, 0x00000000af500000|100%| O|  |TAMS 0x00000000af400000, 0x00000000af400000| Untracked 
| 245|0x00000000af500000, 0x00000000af600000, 0x00000000af600000|100%| O|  |TAMS 0x00000000af500000, 0x00000000af500000| Untracked 
| 246|0x00000000af600000, 0x00000000af700000, 0x00000000af700000|100%| O|  |TAMS 0x00000000af600000, 0x00000000af600000| Untracked 
| 247|0x00000000af700000, 0x00000000af800000, 0x00000000af800000|100%| O|  |TAMS 0x00000000af700000, 0x00000000af700000| Untracked 
| 248|0x00000000af800000, 0x00000000af900000, 0x00000000af900000|100%| O|  |TAMS 0x00000000af800000, 0x00000000af800000| Untracked 
| 249|0x00000000af900000, 0x00000000afa00000, 0x00000000afa00000|100%| O|  |TAMS 0x00000000af900000, 0x00000000af900000| Untracked 
| 250|0x00000000afa00000, 0x00000000afb00000, 0x00000000afb00000|100%| O|  |TAMS 0x00000000afa00000, 0x00000000afa00000| Untracked 
| 251|0x00000000afb00000, 0x00000000afc00000, 0x00000000afc00000|100%| O|  |TAMS 0x00000000afb00000, 0x00000000afb00000| Untracked 
| 252|0x00000000afc00000, 0x00000000afd00000, 0x00000000afd00000|100%| O|  |TAMS 0x00000000afc00000, 0x00000000afc00000| Untracked 
| 253|0x00000000afd00000, 0x00000000afe00000, 0x00000000afe00000|100%| O|  |TAMS 0x00000000afd00000, 0x00000000afd00000| Untracked 
| 254|0x00000000afe00000, 0x00000000aff00000, 0x00000000aff00000|100%| O|  |TAMS 0x00000000afe00000, 0x00000000afe00000| Untracked 
| 255|0x00000000aff00000, 0x00000000b0000000, 0x00000000b0000000|100%| O|  |TAMS 0x00000000aff00000, 0x00000000aff00000| Untracked 
| 256|0x00000000b0000000, 0x00000000b0100000, 0x00000000b0100000|100%| O|  |TAMS 0x00000000b0000000, 0x00000000b0000000| Untracked 
| 257|0x00000000b0100000, 0x00000000b0200000, 0x00000000b0200000|100%| O|  |TAMS 0x00000000b0100000, 0x00000000b0100000| Untracked 
| 258|0x00000000b0200000, 0x00000000b0300000, 0x00000000b0300000|100%| O|  |TAMS 0x00000000b0200000, 0x00000000b0200000| Untracked 
| 259|0x00000000b0300000, 0x00000000b0400000, 0x00000000b0400000|100%| O|  |TAMS 0x00000000b0300000, 0x00000000b0300000| Untracked 
| 260|0x00000000b0400000, 0x00000000b0500000, 0x00000000b0500000|100%| O|  |TAMS 0x00000000b0400000, 0x00000000b0400000| Untracked 
| 261|0x00000000b0500000, 0x00000000b0600000, 0x00000000b0600000|100%| O|  |TAMS 0x00000000b0500000, 0x00000000b0500000| Untracked 
| 262|0x00000000b0600000, 0x00000000b0700000, 0x00000000b0700000|100%| O|  |TAMS 0x00000000b0600000, 0x00000000b0600000| Untracked 
| 263|0x00000000b0700000, 0x00000000b0800000, 0x00000000b0800000|100%| O|  |TAMS 0x00000000b0700000, 0x00000000b0700000| Untracked 
| 264|0x00000000b0800000, 0x00000000b0900000, 0x00000000b0900000|100%| O|  |TAMS 0x00000000b0800000, 0x00000000b0800000| Untracked 
| 265|0x00000000b0900000, 0x00000000b0a00000, 0x00000000b0a00000|100%| O|  |TAMS 0x00000000b0900000, 0x00000000b0900000| Untracked 
| 266|0x00000000b0a00000, 0x00000000b0b00000, 0x00000000b0b00000|100%| O|  |TAMS 0x00000000b0a00000, 0x00000000b0a00000| Untracked 
| 267|0x00000000b0b00000, 0x00000000b0c00000, 0x00000000b0c00000|100%| O|  |TAMS 0x00000000b0b00000, 0x00000000b0b00000| Untracked 
| 268|0x00000000b0c00000, 0x00000000b0d00000, 0x00000000b0d00000|100%| O|  |TAMS 0x00000000b0c00000, 0x00000000b0c00000| Untracked 
| 269|0x00000000b0d00000, 0x00000000b0e00000, 0x00000000b0e00000|100%| O|  |TAMS 0x00000000b0d00000, 0x00000000b0d00000| Untracked 
| 270|0x00000000b0e00000, 0x00000000b0f00000, 0x00000000b0f00000|100%| O|  |TAMS 0x00000000b0e00000, 0x00000000b0e00000| Untracked 
| 271|0x00000000b0f00000, 0x00000000b1000000, 0x00000000b1000000|100%| O|  |TAMS 0x00000000b0f00000, 0x00000000b0f00000| Untracked 
| 272|0x00000000b1000000, 0x00000000b1100000, 0x00000000b1100000|100%| O|  |TAMS 0x00000000b1000000, 0x00000000b1000000| Untracked 
| 273|0x00000000b1100000, 0x00000000b1200000, 0x00000000b1200000|100%| O|  |TAMS 0x00000000b1100000, 0x00000000b1100000| Untracked 
| 274|0x00000000b1200000, 0x00000000b1300000, 0x00000000b1300000|100%| O|  |TAMS 0x00000000b1200000, 0x00000000b1200000| Untracked 
| 275|0x00000000b1300000, 0x00000000b1400000, 0x00000000b1400000|100%| O|  |TAMS 0x00000000b1300000, 0x00000000b1300000| Untracked 
| 276|0x00000000b1400000, 0x00000000b1500000, 0x00000000b1500000|100%| O|  |TAMS 0x00000000b1400000, 0x00000000b1400000| Untracked 
| 277|0x00000000b1500000, 0x00000000b1600000, 0x00000000b1600000|100%| O|  |TAMS 0x00000000b1500000, 0x00000000b1500000| Untracked 
| 278|0x00000000b1600000, 0x00000000b1700000, 0x00000000b1700000|100%| O|  |TAMS 0x00000000b1600000, 0x00000000b1600000| Untracked 
| 279|0x00000000b1700000, 0x00000000b1800000, 0x00000000b1800000|100%| O|  |TAMS 0x00000000b1700000, 0x00000000b1700000| Untracked 
| 280|0x00000000b1800000, 0x00000000b1900000, 0x00000000b1900000|100%| O|  |TAMS 0x00000000b1800000, 0x00000000b1800000| Untracked 
| 281|0x00000000b1900000, 0x00000000b1a00000, 0x00000000b1a00000|100%| O|  |TAMS 0x00000000b1900000, 0x00000000b1900000| Untracked 
| 282|0x00000000b1a00000, 0x00000000b1b00000, 0x00000000b1b00000|100%| O|  |TAMS 0x00000000b1a00000, 0x00000000b1a00000| Untracked 
| 283|0x00000000b1b00000, 0x00000000b1c00000, 0x00000000b1c00000|100%| O|  |TAMS 0x00000000b1b00000, 0x00000000b1b00000| Untracked 
| 284|0x00000000b1c00000, 0x00000000b1d00000, 0x00000000b1d00000|100%| O|  |TAMS 0x00000000b1c00000, 0x00000000b1c00000| Untracked 
| 285|0x00000000b1d00000, 0x00000000b1e00000, 0x00000000b1e00000|100%| O|  |TAMS 0x00000000b1d00000, 0x00000000b1d00000| Untracked 
| 286|0x00000000b1e00000, 0x00000000b1f00000, 0x00000000b1f00000|100%| O|  |TAMS 0x00000000b1e00000, 0x00000000b1e00000| Untracked 
| 287|0x00000000b1f00000, 0x00000000b2000000, 0x00000000b2000000|100%| O|  |TAMS 0x00000000b1f00000, 0x00000000b1f00000| Untracked 
| 288|0x00000000b2000000, 0x00000000b2100000, 0x00000000b2100000|100%| O|  |TAMS 0x00000000b2000000, 0x00000000b2000000| Untracked 
| 289|0x00000000b2100000, 0x00000000b2200000, 0x00000000b2200000|100%| O|  |TAMS 0x00000000b2100000, 0x00000000b2100000| Untracked 
| 290|0x00000000b2200000, 0x00000000b2300000, 0x00000000b2300000|100%| O|  |TAMS 0x00000000b2200000, 0x00000000b2200000| Untracked 
| 291|0x00000000b2300000, 0x00000000b2400000, 0x00000000b2400000|100%| O|  |TAMS 0x00000000b2300000, 0x00000000b2300000| Untracked 
| 292|0x00000000b2400000, 0x00000000b2500000, 0x00000000b2500000|100%| O|  |TAMS 0x00000000b2400000, 0x00000000b2400000| Untracked 
| 293|0x00000000b2500000, 0x00000000b2600000, 0x00000000b2600000|100%| O|  |TAMS 0x00000000b2500000, 0x00000000b2500000| Untracked 
| 294|0x00000000b2600000, 0x00000000b2700000, 0x00000000b2700000|100%| O|  |TAMS 0x00000000b2600000, 0x00000000b2600000| Untracked 
| 295|0x00000000b2700000, 0x00000000b2800000, 0x00000000b2800000|100%| O|  |TAMS 0x00000000b2700000, 0x00000000b2700000| Untracked 
| 296|0x00000000b2800000, 0x00000000b2900000, 0x00000000b2900000|100%| O|  |TAMS 0x00000000b2800000, 0x00000000b2800000| Untracked 
| 297|0x00000000b2900000, 0x00000000b2a00000, 0x00000000b2a00000|100%| O|  |TAMS 0x00000000b2900000, 0x00000000b2900000| Untracked 
| 298|0x00000000b2a00000, 0x00000000b2b00000, 0x00000000b2b00000|100%| O|  |TAMS 0x00000000b2a00000, 0x00000000b2a00000| Untracked 
| 299|0x00000000b2b00000, 0x00000000b2c00000, 0x00000000b2c00000|100%| O|  |TAMS 0x00000000b2b00000, 0x00000000b2b00000| Untracked 
| 300|0x00000000b2c00000, 0x00000000b2d00000, 0x00000000b2d00000|100%| O|  |TAMS 0x00000000b2c00000, 0x00000000b2c00000| Untracked 
| 301|0x00000000b2d00000, 0x00000000b2e00000, 0x00000000b2e00000|100%| O|  |TAMS 0x00000000b2d00000, 0x00000000b2d00000| Untracked 
| 302|0x00000000b2e00000, 0x00000000b2f00000, 0x00000000b2f00000|100%| O|  |TAMS 0x00000000b2e00000, 0x00000000b2e00000| Untracked 
| 303|0x00000000b2f00000, 0x00000000b3000000, 0x00000000b3000000|100%| O|  |TAMS 0x00000000b2f00000, 0x00000000b2f00000| Untracked 
| 304|0x00000000b3000000, 0x00000000b3100000, 0x00000000b3100000|100%| O|  |TAMS 0x00000000b3000000, 0x00000000b3000000| Untracked 
| 305|0x00000000b3100000, 0x00000000b3200000, 0x00000000b3200000|100%| O|  |TAMS 0x00000000b3100000, 0x00000000b3100000| Untracked 
| 306|0x00000000b3200000, 0x00000000b3300000, 0x00000000b3300000|100%| O|  |TAMS 0x00000000b3200000, 0x00000000b3200000| Untracked 
| 307|0x00000000b3300000, 0x00000000b3400000, 0x00000000b3400000|100%| O|  |TAMS 0x00000000b3300000, 0x00000000b3300000| Untracked 
| 308|0x00000000b3400000, 0x00000000b3500000, 0x00000000b3500000|100%| O|  |TAMS 0x00000000b3400000, 0x00000000b3400000| Untracked 
| 309|0x00000000b3500000, 0x00000000b3600000, 0x00000000b3600000|100%| O|  |TAMS 0x00000000b3500000, 0x00000000b3500000| Untracked 
| 310|0x00000000b3600000, 0x00000000b3700000, 0x00000000b3700000|100%| O|  |TAMS 0x00000000b3600000, 0x00000000b3600000| Untracked 
| 311|0x00000000b3700000, 0x00000000b3800000, 0x00000000b3800000|100%| O|  |TAMS 0x00000000b3700000, 0x00000000b3700000| Untracked 
| 312|0x00000000b3800000, 0x00000000b3900000, 0x00000000b3900000|100%| O|  |TAMS 0x00000000b3800000, 0x00000000b3800000| Untracked 
| 313|0x00000000b3900000, 0x00000000b3a00000, 0x00000000b3a00000|100%| O|  |TAMS 0x00000000b3900000, 0x00000000b3900000| Untracked 
| 314|0x00000000b3a00000, 0x00000000b3b00000, 0x00000000b3b00000|100%| O|  |TAMS 0x00000000b3a00000, 0x00000000b3a00000| Untracked 
| 315|0x00000000b3b00000, 0x00000000b3c00000, 0x00000000b3c00000|100%| O|  |TAMS 0x00000000b3b00000, 0x00000000b3b00000| Untracked 
| 316|0x00000000b3c00000, 0x00000000b3d00000, 0x00000000b3d00000|100%| O|  |TAMS 0x00000000b3c00000, 0x00000000b3c00000| Untracked 
| 317|0x00000000b3d00000, 0x00000000b3d32c00, 0x00000000b3e00000| 19%| O|  |TAMS 0x00000000b3d00000, 0x00000000b3d00000| Untracked 
| 318|0x00000000b3e00000, 0x00000000b3e00000, 0x00000000b3f00000|  0%| F|  |TAMS 0x00000000b3e00000, 0x00000000b3e00000| Untracked 
| 319|0x00000000b3f00000, 0x00000000b3f00000, 0x00000000b4000000|  0%| F|  |TAMS 0x00000000b3f00000, 0x00000000b3f00000| Untracked 
| 320|0x00000000b4000000, 0x00000000b4000000, 0x00000000b4100000|  0%| F|  |TAMS 0x00000000b4000000, 0x00000000b4000000| Untracked 
| 321|0x00000000b4100000, 0x00000000b4100000, 0x00000000b4200000|  0%| F|  |TAMS 0x00000000b4100000, 0x00000000b4100000| Untracked 
| 322|0x00000000b4200000, 0x00000000b4200000, 0x00000000b4300000|  0%| F|  |TAMS 0x00000000b4200000, 0x00000000b4200000| Untracked 
| 323|0x00000000b4300000, 0x00000000b4300000, 0x00000000b4400000|  0%| F|  |TAMS 0x00000000b4300000, 0x00000000b4300000| Untracked 
| 324|0x00000000b4400000, 0x00000000b4400000, 0x00000000b4500000|  0%| F|  |TAMS 0x00000000b4400000, 0x00000000b4400000| Untracked 
| 325|0x00000000b4500000, 0x00000000b4500000, 0x00000000b4600000|  0%| F|  |TAMS 0x00000000b4500000, 0x00000000b4500000| Untracked 
| 326|0x00000000b4600000, 0x00000000b4600000, 0x00000000b4700000|  0%| F|  |TAMS 0x00000000b4600000, 0x00000000b4600000| Untracked 
| 327|0x00000000b4700000, 0x00000000b4700000, 0x00000000b4800000|  0%| F|  |TAMS 0x00000000b4700000, 0x00000000b4700000| Untracked 
| 328|0x00000000b4800000, 0x00000000b4800000, 0x00000000b4900000|  0%| F|  |TAMS 0x00000000b4800000, 0x00000000b4800000| Untracked 
| 329|0x00000000b4900000, 0x00000000b4900000, 0x00000000b4a00000|  0%| F|  |TAMS 0x00000000b4900000, 0x00000000b4900000| Untracked 
| 330|0x00000000b4a00000, 0x00000000b4a00000, 0x00000000b4b00000|  0%| F|  |TAMS 0x00000000b4a00000, 0x00000000b4a00000| Untracked 
| 331|0x00000000b4b00000, 0x00000000b4b00000, 0x00000000b4c00000|  0%| F|  |TAMS 0x00000000b4b00000, 0x00000000b4b00000| Untracked 
| 332|0x00000000b4c00000, 0x00000000b4c00000, 0x00000000b4d00000|  0%| F|  |TAMS 0x00000000b4c00000, 0x00000000b4c00000| Untracked 
| 333|0x00000000b4d00000, 0x00000000b4d00000, 0x00000000b4e00000|  0%| F|  |TAMS 0x00000000b4d00000, 0x00000000b4d00000| Untracked 
| 334|0x00000000b4e00000, 0x00000000b4e00000, 0x00000000b4f00000|  0%| F|  |TAMS 0x00000000b4e00000, 0x00000000b4e00000| Untracked 
| 335|0x00000000b4f00000, 0x00000000b4f00000, 0x00000000b5000000|  0%| F|  |TAMS 0x00000000b4f00000, 0x00000000b4f00000| Untracked 
| 336|0x00000000b5000000, 0x00000000b5000000, 0x00000000b5100000|  0%| F|  |TAMS 0x00000000b5000000, 0x00000000b5000000| Untracked 
| 337|0x00000000b5100000, 0x00000000b5100000, 0x00000000b5200000|  0%| F|  |TAMS 0x00000000b5100000, 0x00000000b5100000| Untracked 
| 338|0x00000000b5200000, 0x00000000b5200000, 0x00000000b5300000|  0%| F|  |TAMS 0x00000000b5200000, 0x00000000b5200000| Untracked 
| 339|0x00000000b5300000, 0x00000000b5300000, 0x00000000b5400000|  0%| F|  |TAMS 0x00000000b5300000, 0x00000000b5300000| Untracked 
| 340|0x00000000b5400000, 0x00000000b5400000, 0x00000000b5500000|  0%| F|  |TAMS 0x00000000b5400000, 0x00000000b5400000| Untracked 
| 341|0x00000000b5500000, 0x00000000b5500000, 0x00000000b5600000|  0%| F|  |TAMS 0x00000000b5500000, 0x00000000b5500000| Untracked 
| 342|0x00000000b5600000, 0x00000000b5600000, 0x00000000b5700000|  0%| F|  |TAMS 0x00000000b5600000, 0x00000000b5600000| Untracked 
| 343|0x00000000b5700000, 0x00000000b5700000, 0x00000000b5800000|  0%| F|  |TAMS 0x00000000b5700000, 0x00000000b5700000| Untracked 
| 344|0x00000000b5800000, 0x00000000b5800000, 0x00000000b5900000|  0%| F|  |TAMS 0x00000000b5800000, 0x00000000b5800000| Untracked 
| 345|0x00000000b5900000, 0x00000000b5900000, 0x00000000b5a00000|  0%| F|  |TAMS 0x00000000b5900000, 0x00000000b5900000| Untracked 
| 346|0x00000000b5a00000, 0x00000000b5a00000, 0x00000000b5b00000|  0%| F|  |TAMS 0x00000000b5a00000, 0x00000000b5a00000| Untracked 
| 347|0x00000000b5b00000, 0x00000000b5b00000, 0x00000000b5c00000|  0%| F|  |TAMS 0x00000000b5b00000, 0x00000000b5b00000| Untracked 
| 348|0x00000000b5c00000, 0x00000000b5c00000, 0x00000000b5d00000|  0%| F|  |TAMS 0x00000000b5c00000, 0x00000000b5c00000| Untracked 
| 349|0x00000000b5d00000, 0x00000000b5d00000, 0x00000000b5e00000|  0%| F|  |TAMS 0x00000000b5d00000, 0x00000000b5d00000| Untracked 
| 350|0x00000000b5e00000, 0x00000000b5e00000, 0x00000000b5f00000|  0%| F|  |TAMS 0x00000000b5e00000, 0x00000000b5e00000| Untracked 
| 351|0x00000000b5f00000, 0x00000000b5f00000, 0x00000000b6000000|  0%| F|  |TAMS 0x00000000b5f00000, 0x00000000b5f00000| Untracked 
| 352|0x00000000b6000000, 0x00000000b6000000, 0x00000000b6100000|  0%| F|  |TAMS 0x00000000b6000000, 0x00000000b6000000| Untracked 
| 353|0x00000000b6100000, 0x00000000b6100000, 0x00000000b6200000|  0%| F|  |TAMS 0x00000000b6100000, 0x00000000b6100000| Untracked 
| 354|0x00000000b6200000, 0x00000000b6200000, 0x00000000b6300000|  0%| F|  |TAMS 0x00000000b6200000, 0x00000000b6200000| Untracked 
| 355|0x00000000b6300000, 0x00000000b6300000, 0x00000000b6400000|  0%| F|  |TAMS 0x00000000b6300000, 0x00000000b6300000| Untracked 
| 356|0x00000000b6400000, 0x00000000b6400000, 0x00000000b6500000|  0%| F|  |TAMS 0x00000000b6400000, 0x00000000b6400000| Untracked 
| 357|0x00000000b6500000, 0x00000000b6500000, 0x00000000b6600000|  0%| F|  |TAMS 0x00000000b6500000, 0x00000000b6500000| Untracked 
| 358|0x00000000b6600000, 0x00000000b6600000, 0x00000000b6700000|  0%| F|  |TAMS 0x00000000b6600000, 0x00000000b6600000| Untracked 
| 359|0x00000000b6700000, 0x00000000b6700000, 0x00000000b6800000|  0%| F|  |TAMS 0x00000000b6700000, 0x00000000b6700000| Untracked 
| 360|0x00000000b6800000, 0x00000000b6800000, 0x00000000b6900000|  0%| F|  |TAMS 0x00000000b6800000, 0x00000000b6800000| Untracked 
| 361|0x00000000b6900000, 0x00000000b6900000, 0x00000000b6a00000|  0%| F|  |TAMS 0x00000000b6900000, 0x00000000b6900000| Untracked 
| 362|0x00000000b6a00000, 0x00000000b6a00000, 0x00000000b6b00000|  0%| F|  |TAMS 0x00000000b6a00000, 0x00000000b6a00000| Untracked 
| 363|0x00000000b6b00000, 0x00000000b6b00000, 0x00000000b6c00000|  0%| F|  |TAMS 0x00000000b6b00000, 0x00000000b6b00000| Untracked 
| 364|0x00000000b6c00000, 0x00000000b6d00000, 0x00000000b6d00000|100%| S|CS|TAMS 0x00000000b6c00000, 0x00000000b6c00000| Complete 
| 365|0x00000000b6d00000, 0x00000000b6e00000, 0x00000000b6e00000|100%| S|CS|TAMS 0x00000000b6d00000, 0x00000000b6d00000| Complete 
| 366|0x00000000b6e00000, 0x00000000b6f00000, 0x00000000b6f00000|100%| S|CS|TAMS 0x00000000b6e00000, 0x00000000b6e00000| Complete 
| 367|0x00000000b6f00000, 0x00000000b6f00000, 0x00000000b7000000|  0%| F|  |TAMS 0x00000000b6f00000, 0x00000000b6f00000| Untracked 
| 368|0x00000000b7000000, 0x00000000b7000000, 0x00000000b7100000|  0%| F|  |TAMS 0x00000000b7000000, 0x00000000b7000000| Untracked 
| 369|0x00000000b7100000, 0x00000000b7100000, 0x00000000b7200000|  0%| F|  |TAMS 0x00000000b7100000, 0x00000000b7100000| Untracked 
| 370|0x00000000b7200000, 0x00000000b7200000, 0x00000000b7300000|  0%| F|  |TAMS 0x00000000b7200000, 0x00000000b7200000| Untracked 
| 371|0x00000000b7300000, 0x00000000b7300000, 0x00000000b7400000|  0%| F|  |TAMS 0x00000000b7300000, 0x00000000b7300000| Untracked 
| 372|0x00000000b7400000, 0x00000000b7400000, 0x00000000b7500000|  0%| F|  |TAMS 0x00000000b7400000, 0x00000000b7400000| Untracked 
| 373|0x00000000b7500000, 0x00000000b7500000, 0x00000000b7600000|  0%| F|  |TAMS 0x00000000b7500000, 0x00000000b7500000| Untracked 
| 374|0x00000000b7600000, 0x00000000b7600000, 0x00000000b7700000|  0%| F|  |TAMS 0x00000000b7600000, 0x00000000b7600000| Untracked 
| 375|0x00000000b7700000, 0x00000000b7700000, 0x00000000b7800000|  0%| F|  |TAMS 0x00000000b7700000, 0x00000000b7700000| Untracked 
| 376|0x00000000b7800000, 0x00000000b7800000, 0x00000000b7900000|  0%| F|  |TAMS 0x00000000b7800000, 0x00000000b7800000| Untracked 
| 377|0x00000000b7900000, 0x00000000b7900000, 0x00000000b7a00000|  0%| F|  |TAMS 0x00000000b7900000, 0x00000000b7900000| Untracked 
| 378|0x00000000b7a00000, 0x00000000b7a00000, 0x00000000b7b00000|  0%| F|  |TAMS 0x00000000b7a00000, 0x00000000b7a00000| Untracked 
| 379|0x00000000b7b00000, 0x00000000b7b00000, 0x00000000b7c00000|  0%| F|  |TAMS 0x00000000b7b00000, 0x00000000b7b00000| Untracked 
| 380|0x00000000b7c00000, 0x00000000b7c00000, 0x00000000b7d00000|  0%| F|  |TAMS 0x00000000b7c00000, 0x00000000b7c00000| Untracked 
| 381|0x00000000b7d00000, 0x00000000b7d00000, 0x00000000b7e00000|  0%| F|  |TAMS 0x00000000b7d00000, 0x00000000b7d00000| Untracked 
| 382|0x00000000b7e00000, 0x00000000b7e00000, 0x00000000b7f00000|  0%| F|  |TAMS 0x00000000b7e00000, 0x00000000b7e00000| Untracked 
| 383|0x00000000b7f00000, 0x00000000b7f00000, 0x00000000b8000000|  0%| F|  |TAMS 0x00000000b7f00000, 0x00000000b7f00000| Untracked 
| 384|0x00000000b8000000, 0x00000000b8000000, 0x00000000b8100000|  0%| F|  |TAMS 0x00000000b8000000, 0x00000000b8000000| Untracked 
| 385|0x00000000b8100000, 0x00000000b8100000, 0x00000000b8200000|  0%| F|  |TAMS 0x00000000b8100000, 0x00000000b8100000| Untracked 

Card table byte_map: [0x00000219d4440000,0x00000219d4740000] _byte_map_base: 0x00000219d3f40000

Marking Bits (Prev, Next): (CMBitMap*) 0x00000219c19744e0, (CMBitMap*) 0x00000219c1974520
 Prev Bits: [0x00000219d4a40000, 0x00000219d6240000)
 Next Bits: [0x00000219d6240000, 0x00000219d7a40000)

Polling page: 0x00000219bf920000

Metaspace:

Usage:
  Non-class:     98.84 MB used.
      Class:     15.66 MB used.
       Both:    114.49 MB used.

Virtual space:
  Non-class space:      128.00 MB reserved,      99.81 MB ( 78%) committed,  2 nodes.
      Class space:        1.00 GB reserved,      16.44 MB (  2%) committed,  1 nodes.
             Both:        1.12 GB reserved,     116.25 MB ( 10%) committed. 

Chunk freelists:
   Non-Class:  11.92 MB
       Class:  15.48 MB
        Both:  27.40 MB

MaxMetaspaceSize: unlimited
CompressedClassSpaceSize: 1.00 GB
Initial GC threshold: 21.00 MB
Current GC threshold: 171.88 MB
CDS: off
MetaspaceReclaimPolicy: balanced
 - commit_granule_bytes: 65536.
 - commit_granule_words: 8192.
 - virtual_space_node_default_size: 8388608.
 - enlarge_chunks_in_place: 1.
 - new_chunks_are_fully_committed: 0.
 - uncommit_free_chunks: 1.
 - use_allocation_guard: 0.
 - handle_deallocations: 1.


Internal statistics:

num_allocs_failed_limit: 9.
num_arena_births: 2402.
num_arena_deaths: 0.
num_vsnodes_births: 3.
num_vsnodes_deaths: 0.
num_space_committed: 1860.
num_space_uncommitted: 0.
num_chunks_returned_to_freelist: 9.
num_chunks_taken_from_freelist: 7289.
num_chunk_merges: 6.
num_chunk_splits: 4423.
num_chunks_enlarged: 2449.
num_inconsistent_stats: 0.

CodeHeap 'non-profiled nmethods': size=120000Kb used=11603Kb max_used=11603Kb free=108396Kb
 bounds [0x00000219cc8e0000, 0x00000219cd440000, 0x00000219d3e10000]
CodeHeap 'profiled nmethods': size=120000Kb used=30645Kb max_used=30645Kb free=89354Kb
 bounds [0x00000219c4e10000, 0x00000219c6c00000, 0x00000219cc340000]
CodeHeap 'non-nmethods': size=5760Kb used=2456Kb max_used=2556Kb free=3303Kb
 bounds [0x00000219cc340000, 0x00000219cc5e0000, 0x00000219cc8e0000]
 total_blobs=17855 nmethods=16859 adapters=907
 compilation: enabled
              stopped_count=0, restarted_count=0
 full_count=0

Compilation events (20 events):
Event: 93.480 Thread 0x00000219da624060 nmethod 20189 0x00000219cd431810 code [0x00000219cd4319c0, 0x00000219cd432368]
Event: 93.480 Thread 0x00000219da624060 20209       4       org.gradle.execution.plan.LocalTaskNode::compareTo (9 bytes)
Event: 93.483 Thread 0x00000219da628370 20215       2       com.android.build.gradle.internal.tasks.LibraryAarJarsTask$CreationAction$configure$4::accept (99 bytes)
Event: 93.484 Thread 0x00000219da628370 nmethod 20215 0x00000219c6bfb210 code [0x00000219c6bfb4e0, 0x00000219c6bfbd08]
Event: 93.489 Thread 0x00000219da628370 20216       2       org.gradle.api.internal.tasks.properties.bean.IterableRuntimeBeanNode::visitNode (68 bytes)
Event: 93.490 Thread 0x00000219da628370 nmethod 20216 0x00000219c6bfc210 code [0x00000219c6bfc400, 0x00000219c6bfc6d8]
Event: 93.492 Thread 0x00000219da628370 20217       2       com.android.build.gradle.internal.tasks.LibraryAarJarsTask$CreationAction$configure$3::accept (42 bytes)
Event: 93.493 Thread 0x00000219da628370 nmethod 20217 0x00000219c6bfc910 code [0x00000219c6bfcb40, 0x00000219c6bfcfd8]
Event: 93.497 Thread 0x00000219da628370 20220       2       org.gradle.api.internal.provider.ValueSupplier$PlusProducer::isKnown (30 bytes)
Event: 93.497 Thread 0x00000219da628370 nmethod 20220 0x00000219c6bfd310 code [0x00000219c6bfd4c0, 0x00000219c6bfd638]
Event: 93.497 Thread 0x00000219da628370 20221       2       com.android.build.gradle.internal.dsl.LibraryExtensionImpl$AgpDecorated_Decorated::getBuildToolsVersion (39 bytes)
Event: 93.497 Thread 0x00000219da628370 nmethod 20221 0x00000219c6bfd710 code [0x00000219c6bfd900, 0x00000219c6bfdbd8]
Event: 93.498 Thread 0x00000219da628370 20222       2       com.android.build.api.variant.impl.VariantOutputList::getMainSplit (21 bytes)
Event: 93.498 Thread 0x00000219da624060 nmethod 20209 0x00000219cd432890 code [0x00000219cd432b00, 0x00000219cd433c10]
Event: 93.498 Thread 0x00000219da624060 20219       4       org.gradle.internal.graph.CachingDirectedGraphWalker::doSearch (659 bytes)
Event: 93.499 Thread 0x00000219da628370 nmethod 20222 0x00000219c6bfde10 code [0x00000219c6bfdfc0, 0x00000219c6bfe198]
Event: 93.500 Thread 0x00000219da628370 20223       2       com.google.common.collect.Iterables::castOrCopyToCollection (24 bytes)
Event: 93.500 Thread 0x00000219da628370 nmethod 20223 0x00000219c6bfe290 code [0x00000219c6bfe440, 0x00000219c6bfe6f8]
Event: 93.500 Thread 0x00000219da628370 20224       2       com.android.ide.common.resources.FileValidity::<init> (12 bytes)
Event: 93.500 Thread 0x00000219da628370 nmethod 20224 0x00000219c6bfe810 code [0x00000219c6bfe9a0, 0x00000219c6bfeaf8]

GC Heap History (20 events):
Event: 91.675 GC heap after
{Heap after GC invocations=84 (full 0):
 garbage-first heap   total 346112K, used 265452K [0x00000000a0000000, 0x0000000100000000)
  region size 1024K, 4 young (4096K), 4 survivors (4096K)
 Metaspace       used 116689K, committed 118400K, reserved 1179648K
  class space    used 16011K, committed 16768K, reserved 1048576K
}
Event: 91.898 GC heap before
{Heap before GC invocations=84 (full 0):
 garbage-first heap   total 346112K, used 300268K [0x00000000a0000000, 0x0000000100000000)
  region size 1024K, 38 young (38912K), 4 survivors (4096K)
 Metaspace       used 116805K, committed 118592K, reserved 1179648K
  class space    used 16025K, committed 16832K, reserved 1048576K
}
Event: 91.907 GC heap after
{Heap after GC invocations=85 (full 0):
 garbage-first heap   total 346112K, used 271155K [0x00000000a0000000, 0x0000000100000000)
  region size 1024K, 5 young (5120K), 5 survivors (5120K)
 Metaspace       used 116805K, committed 118592K, reserved 1179648K
  class space    used 16025K, committed 16832K, reserved 1048576K
}
Event: 92.172 GC heap before
{Heap before GC invocations=85 (full 0):
 garbage-first heap   total 346112K, used 298803K [0x00000000a0000000, 0x0000000100000000)
  region size 1024K, 33 young (33792K), 5 survivors (5120K)
 Metaspace       used 116843K, committed 118592K, reserved 1179648K
  class space    used 16026K, committed 16832K, reserved 1048576K
}
Event: 92.181 GC heap after
{Heap after GC invocations=86 (full 0):
 garbage-first heap   total 346112K, used 276480K [0x00000000a0000000, 0x0000000100000000)
  region size 1024K, 5 young (5120K), 5 survivors (5120K)
 Metaspace       used 116843K, committed 118592K, reserved 1179648K
  class space    used 16026K, committed 16832K, reserved 1048576K
}
Event: 92.315 GC heap before
{Heap before GC invocations=86 (full 0):
 garbage-first heap   total 346112K, used 299008K [0x00000000a0000000, 0x0000000100000000)
  region size 1024K, 28 young (28672K), 5 survivors (5120K)
 Metaspace       used 116887K, committed 118656K, reserved 1179648K
  class space    used 16027K, committed 16832K, reserved 1048576K
}
Event: 92.323 GC heap after
{Heap after GC invocations=87 (full 0):
 garbage-first heap   total 346112K, used 279753K [0x00000000a0000000, 0x0000000100000000)
  region size 1024K, 4 young (4096K), 4 survivors (4096K)
 Metaspace       used 116887K, committed 118656K, reserved 1179648K
  class space    used 16027K, committed 16832K, reserved 1048576K
}
Event: 92.456 GC heap before
{Heap before GC invocations=87 (full 0):
 garbage-first heap   total 346112K, used 300233K [0x00000000a0000000, 0x0000000100000000)
  region size 1024K, 24 young (24576K), 4 survivors (4096K)
 Metaspace       used 116919K, committed 118656K, reserved 1179648K
  class space    used 16027K, committed 16832K, reserved 1048576K
}
Event: 92.463 GC heap after
{Heap after GC invocations=88 (full 0):
 garbage-first heap   total 346112K, used 283401K [0x00000000a0000000, 0x0000000100000000)
  region size 1024K, 3 young (3072K), 3 survivors (3072K)
 Metaspace       used 116919K, committed 118656K, reserved 1179648K
  class space    used 16027K, committed 16832K, reserved 1048576K
}
Event: 92.570 GC heap before
{Heap before GC invocations=88 (full 0):
 garbage-first heap   total 346112K, used 301833K [0x00000000a0000000, 0x0000000100000000)
  region size 1024K, 21 young (21504K), 3 survivors (3072K)
 Metaspace       used 116944K, committed 118720K, reserved 1179648K
  class space    used 16027K, committed 16832K, reserved 1048576K
}
Event: 92.577 GC heap after
{Heap after GC invocations=89 (full 0):
 garbage-first heap   total 346112K, used 287313K [0x00000000a0000000, 0x0000000100000000)
  region size 1024K, 3 young (3072K), 3 survivors (3072K)
 Metaspace       used 116944K, committed 118720K, reserved 1179648K
  class space    used 16027K, committed 16832K, reserved 1048576K
}
Event: 92.656 GC heap before
{Heap before GC invocations=89 (full 0):
 garbage-first heap   total 346112K, used 301649K [0x00000000a0000000, 0x0000000100000000)
  region size 1024K, 18 young (18432K), 3 survivors (3072K)
 Metaspace       used 116974K, committed 118720K, reserved 1179648K
  class space    used 16027K, committed 16832K, reserved 1048576K
}
Event: 92.662 GC heap after
{Heap after GC invocations=90 (full 0):
 garbage-first heap   total 395264K, used 291280K [0x00000000a0000000, 0x0000000100000000)
  region size 1024K, 3 young (3072K), 3 survivors (3072K)
 Metaspace       used 116974K, committed 118720K, reserved 1179648K
  class space    used 16027K, committed 16832K, reserved 1048576K
}
Event: 92.910 GC heap before
{Heap before GC invocations=90 (full 0):
 garbage-first heap   total 395264K, used 331216K [0x00000000a0000000, 0x0000000100000000)
  region size 1024K, 42 young (43008K), 3 survivors (3072K)
 Metaspace       used 117025K, committed 118784K, reserved 1179648K
  class space    used 16028K, committed 16832K, reserved 1048576K
}
Event: 92.921 GC heap after
{Heap after GC invocations=91 (full 0):
 garbage-first heap   total 395264K, used 301237K [0x00000000a0000000, 0x0000000100000000)
  region size 1024K, 6 young (6144K), 6 survivors (6144K)
 Metaspace       used 117025K, committed 118784K, reserved 1179648K
  class space    used 16028K, committed 16832K, reserved 1048576K
}
Event: 93.199 GC heap before
{Heap before GC invocations=91 (full 0):
 garbage-first heap   total 395264K, used 332981K [0x00000000a0000000, 0x0000000100000000)
  region size 1024K, 37 young (37888K), 6 survivors (6144K)
 Metaspace       used 117116K, committed 118848K, reserved 1179648K
  class space    used 16029K, committed 16832K, reserved 1048576K
}
Event: 93.213 GC heap after
{Heap after GC invocations=92 (full 0):
 garbage-first heap   total 395264K, used 312901K [0x00000000a0000000, 0x0000000100000000)
  region size 1024K, 5 young (5120K), 5 survivors (5120K)
 Metaspace       used 117116K, committed 118848K, reserved 1179648K
  class space    used 16029K, committed 16832K, reserved 1048576K
}
Event: 93.365 GC heap before
{Heap before GC invocations=92 (full 0):
 garbage-first heap   total 395264K, used 335429K [0x00000000a0000000, 0x0000000100000000)
  region size 1024K, 28 young (28672K), 5 survivors (5120K)
 Metaspace       used 117191K, committed 118976K, reserved 1179648K
  class space    used 16031K, committed 16832K, reserved 1048576K
}
Event: 93.375 GC heap after
{Heap after GC invocations=93 (full 0):
 garbage-first heap   total 395264K, used 320282K [0x00000000a0000000, 0x0000000100000000)
  region size 1024K, 4 young (4096K), 4 survivors (4096K)
 Metaspace       used 117191K, committed 118976K, reserved 1179648K
  class space    used 16031K, committed 16832K, reserved 1048576K
}
Event: 93.502 GC heap before
{Heap before GC invocations=93 (full 0):
 garbage-first heap   total 395264K, used 339738K [0x00000000a0000000, 0x0000000100000000)
  region size 1024K, 23 young (23552K), 4 survivors (4096K)
 Metaspace       used 117242K, committed 119040K, reserved 1179648K
  class space    used 16031K, committed 16832K, reserved 1048576K
}

Dll operation events (2 events):
Event: 0.006 Loaded shared library C:\Program Files\Android\Android Studio\jbr\bin\java.dll
Event: 0.398 Loaded shared library C:\Program Files\Android\Android Studio\jbr\bin\verify.dll

Deoptimization events (20 events):
Event: 93.255 Thread 0x00000219e376ed90 DEOPT PACKING pc=0x00000219c58195a0 sp=0x0000006cd38f87e0
Event: 93.255 Thread 0x00000219e376ed90 DEOPT UNPACKING pc=0x00000219cc397143 sp=0x0000006cd38f7c88 mode 0
Event: 93.275 Thread 0x00000219e376ed90 DEOPT PACKING pc=0x00000219c58195a0 sp=0x0000006cd38f8a20
Event: 93.275 Thread 0x00000219e376ed90 DEOPT UNPACKING pc=0x00000219cc397143 sp=0x0000006cd38f7ec8 mode 0
Event: 93.284 Thread 0x00000219e376ed90 Uncommon trap: trap_request=0xffffffbe fr.pc=0x00000219cd4155c8 relative=0x0000000000006168
Event: 93.284 Thread 0x00000219e376ed90 Uncommon trap: reason=profile_predicate action=maybe_recompile pc=0x00000219cd4155c8 method=org.gradle.api.internal.artifacts.ivyservice.resolveengine.ComponentResolversChain$DependencyToComponentIdResolverChain.resolve(Lorg/gradle/internal/component/mode
Event: 93.284 Thread 0x00000219e376ed90 DEOPT PACKING pc=0x00000219cd4155c8 sp=0x0000006cd38f9fd0
Event: 93.284 Thread 0x00000219e376ed90 DEOPT UNPACKING pc=0x00000219cc3969a3 sp=0x0000006cd38f9c60 mode 2
Event: 93.293 Thread 0x00000219e376ed90 Uncommon trap: trap_request=0xffffffbe fr.pc=0x00000219cd4155c8 relative=0x0000000000006168
Event: 93.293 Thread 0x00000219e376ed90 Uncommon trap: reason=profile_predicate action=maybe_recompile pc=0x00000219cd4155c8 method=org.gradle.api.internal.artifacts.ivyservice.resolveengine.ComponentResolversChain$DependencyToComponentIdResolverChain.resolve(Lorg/gradle/internal/component/mode
Event: 93.293 Thread 0x00000219e376ed90 DEOPT PACKING pc=0x00000219cd4155c8 sp=0x0000006cd38f9fd0
Event: 93.293 Thread 0x00000219e376ed90 DEOPT UNPACKING pc=0x00000219cc3969a3 sp=0x0000006cd38f9c60 mode 2
Event: 93.338 Thread 0x00000219e376ed90 Uncommon trap: trap_request=0xffffffbe fr.pc=0x00000219cd4155c8 relative=0x0000000000006168
Event: 93.338 Thread 0x00000219e376ed90 Uncommon trap: reason=profile_predicate action=maybe_recompile pc=0x00000219cd4155c8 method=org.gradle.api.internal.artifacts.ivyservice.resolveengine.ComponentResolversChain$DependencyToComponentIdResolverChain.resolve(Lorg/gradle/internal/component/mode
Event: 93.338 Thread 0x00000219e376ed90 DEOPT PACKING pc=0x00000219cd4155c8 sp=0x0000006cd38f9f70
Event: 93.338 Thread 0x00000219e376ed90 DEOPT UNPACKING pc=0x00000219cc3969a3 sp=0x0000006cd38f9c00 mode 2
Event: 93.397 Thread 0x00000219e376ed90 Uncommon trap: trap_request=0xffffffbe fr.pc=0x00000219cd4155c8 relative=0x0000000000006168
Event: 93.398 Thread 0x00000219e376ed90 Uncommon trap: reason=profile_predicate action=maybe_recompile pc=0x00000219cd4155c8 method=org.gradle.api.internal.artifacts.ivyservice.resolveengine.ComponentResolversChain$DependencyToComponentIdResolverChain.resolve(Lorg/gradle/internal/component/mode
Event: 93.398 Thread 0x00000219e376ed90 DEOPT PACKING pc=0x00000219cd4155c8 sp=0x0000006cd38f9fa0
Event: 93.398 Thread 0x00000219e376ed90 DEOPT UNPACKING pc=0x00000219cc3969a3 sp=0x0000006cd38f9c30 mode 2

Classes unloaded (0 events):
No events

Classes redefined (0 events):
No events

Internal exceptions (20 events):
Event: 28.968 Thread 0x00000219e3773470 Exception <a 'java/lang/reflect/InvocationTargetException'{0x00000000b51f1e40}> (0x00000000b51f1e40) 
thrown [s\src\hotspot\share\runtime\reflection.cpp, line 1127]
Event: 29.180 Thread 0x00000219e02db540 Implicit null exception at 0x00000219ccebab8f to 0x00000219ccebabdc
Event: 29.220 Thread 0x00000219e02db540 Implicit null exception at 0x00000219cd046273 to 0x00000219cd046490
Event: 29.276 Thread 0x00000219e0a7b2a0 Exception <a 'java/lang/NoSuchMethodError'{0x00000000b2e06fd8}: static Lorg/gradle/tooling/internal/provider/serialization/ClassLoaderDetails;.<clinit>()V> (0x00000000b2e06fd8) 
thrown [s\src\hotspot\share\prims\jni.cpp, line 1127]
Event: 29.277 Thread 0x00000219e0a7b2a0 Exception <a 'java/lang/NoSuchMethodError'{0x00000000b2e18a18}: static Lorg/gradle/tooling/internal/provider/serialization/WellKnownClassLoaderRegistry$KnownClassLoaderSpec;.<clinit>()V> (0x00000000b2e18a18) 
thrown [s\src\hotspot\share\prims\jni.cpp, line 1127]
Event: 29.277 Thread 0x00000219e0a7b2a0 Exception <a 'java/lang/NoSuchMethodError'{0x00000000b2e1a090}: static Lorg/gradle/internal/classloader/ClassLoaderSpec;.<clinit>()V> (0x00000000b2e1a090) 
thrown [s\src\hotspot\share\prims\jni.cpp, line 1127]
Event: 29.278 Thread 0x00000219e0a7b2a0 Exception <a 'java/lang/NoSuchMethodError'{0x00000000b2e2e4a0}: static Lorg/gradle/internal/classloader/ClassLoaderSpec;.<clinit>()V> (0x00000000b2e2e4a0) 
thrown [s\src\hotspot\share\prims\jni.cpp, line 1127]
Event: 29.278 Thread 0x00000219e0a7b2a0 Exception <a 'java/lang/NoSuchMethodError'{0x00000000b2e39fc8}: static Lorg/gradle/internal/classloader/VisitableURLClassLoader$Spec;.<clinit>()V> (0x00000000b2e39fc8) 
thrown [s\src\hotspot\share\prims\jni.cpp, line 1127]
Event: 91.341 Thread 0x00000219e376ed90 Implicit null exception at 0x00000219cd0e5d40 to 0x00000219cd0e5f7c
Event: 91.361 Thread 0x00000219e376ed90 Exception <a 'sun/nio/fs/WindowsException'{0x00000000b28d4a48}> (0x00000000b28d4a48) 
thrown [s\src\hotspot\share\prims\jni.cpp, line 531]
Event: 91.396 Thread 0x00000219e376ed90 Implicit null exception at 0x00000219cd0c17e0 to 0x00000219cd0c1894
Event: 93.284 Thread 0x00000219e376ed90 Implicit null exception at 0x00000219cd410467 to 0x00000219cd4154d8
Event: 93.293 Thread 0x00000219e376ed90 Implicit null exception at 0x00000219cd410467 to 0x00000219cd4154d8
Event: 93.312 Thread 0x00000219e376ed90 Exception <a 'sun/nio/fs/WindowsException'{0x00000000b7182888}> (0x00000000b7182888) 
thrown [s\src\hotspot\share\prims\jni.cpp, line 531]
Event: 93.319 Thread 0x00000219e376ed90 Exception <a 'sun/nio/fs/WindowsException'{0x00000000b701e9f8}> (0x00000000b701e9f8) 
thrown [s\src\hotspot\share\prims\jni.cpp, line 531]
Event: 93.319 Thread 0x00000219e376ed90 Exception <a 'sun/nio/fs/WindowsException'{0x00000000b701fcf0}> (0x00000000b701fcf0) 
thrown [s\src\hotspot\share\prims\jni.cpp, line 531]
Event: 93.320 Thread 0x00000219e376ed90 Exception <a 'sun/nio/fs/WindowsException'{0x00000000b7021038}> (0x00000000b7021038) 
thrown [s\src\hotspot\share\prims\jni.cpp, line 531]
Event: 93.320 Thread 0x00000219e376ed90 Exception <a 'sun/nio/fs/WindowsException'{0x00000000b7022380}> (0x00000000b7022380) 
thrown [s\src\hotspot\share\prims\jni.cpp, line 531]
Event: 93.338 Thread 0x00000219e376ed90 Implicit null exception at 0x00000219cd410467 to 0x00000219cd4154d8
Event: 93.397 Thread 0x00000219e376ed90 Implicit null exception at 0x00000219cd410467 to 0x00000219cd4154d8

VM Operations (20 events):
Event: 91.675 Executing VM operation: G1CollectForAllocation done
Event: 91.898 Executing VM operation: G1CollectForAllocation
Event: 91.907 Executing VM operation: G1CollectForAllocation done
Event: 92.172 Executing VM operation: G1CollectForAllocation
Event: 92.181 Executing VM operation: G1CollectForAllocation done
Event: 92.315 Executing VM operation: G1CollectForAllocation
Event: 92.323 Executing VM operation: G1CollectForAllocation done
Event: 92.456 Executing VM operation: G1CollectForAllocation
Event: 92.463 Executing VM operation: G1CollectForAllocation done
Event: 92.570 Executing VM operation: G1CollectForAllocation
Event: 92.577 Executing VM operation: G1CollectForAllocation done
Event: 92.656 Executing VM operation: G1CollectForAllocation
Event: 92.662 Executing VM operation: G1CollectForAllocation done
Event: 92.909 Executing VM operation: G1CollectForAllocation
Event: 92.921 Executing VM operation: G1CollectForAllocation done
Event: 93.199 Executing VM operation: G1CollectForAllocation
Event: 93.213 Executing VM operation: G1CollectForAllocation done
Event: 93.365 Executing VM operation: G1CollectForAllocation
Event: 93.376 Executing VM operation: G1CollectForAllocation done
Event: 93.502 Executing VM operation: G1CollectForAllocation

Events (20 events):
Event: 91.243 Thread 0x00000219dfe9a190 Thread added: 0x00000219dfe9a190
Event: 91.245 Thread 0x00000219dfe9b5d0 Thread added: 0x00000219dfe9b5d0
Event: 91.245 Thread 0x00000219dfe969e0 Thread added: 0x00000219dfe969e0
Event: 91.245 Thread 0x00000219dfe9bae0 Thread added: 0x00000219dfe9bae0
Event: 91.246 Thread 0x00000219dfe98d50 Thread added: 0x00000219dfe98d50
Event: 91.246 Thread 0x00000219dfe9de50 Thread added: 0x00000219dfe9de50
Event: 91.248 Thread 0x00000219dfe9e360 Thread added: 0x00000219dfe9e360
Event: 91.250 Thread 0x00000219dfe98840 Thread added: 0x00000219dfe98840
Event: 91.250 Thread 0x00000219dfe97400 Thread added: 0x00000219dfe97400
Event: 91.250 Thread 0x00000219dfe97910 Thread added: 0x00000219dfe97910
Event: 91.250 Thread 0x00000219dfe97e20 Thread added: 0x00000219dfe97e20
Event: 91.250 Thread 0x00000219e20be820 Thread added: 0x00000219e20be820
Event: 91.250 Thread 0x00000219e20bed30 Thread added: 0x00000219e20bed30
Event: 91.250 Thread 0x00000219e20c0b90 Thread added: 0x00000219e20c0b90
Event: 91.250 Thread 0x00000219e20bf750 Thread added: 0x00000219e20bf750
Event: 91.251 Thread 0x00000219e20be310 Thread added: 0x00000219e20be310
Event: 91.251 Thread 0x00000219e20bf240 Thread added: 0x00000219e20bf240
Event: 91.251 Thread 0x00000219e20bfc60 Thread added: 0x00000219e20bfc60
Event: 91.251 Thread 0x00000219e20c10a0 Thread added: 0x00000219e20c10a0
Event: 91.342 Thread 0x00000219e20c0680 Thread added: 0x00000219e20c0680


Dynamic libraries:
0x00007ff6e8ea0000 - 0x00007ff6e8eaa000 	C:\Program Files\Android\Android Studio\jbr\bin\java.exe
0x00007ff8d6ac0000 - 0x00007ff8d6cc7000 	C:\Windows\SYSTEM32\ntdll.dll
0x00007ff8d4f00000 - 0x00007ff8d4fbd000 	C:\Windows\System32\KERNEL32.DLL
0x00007ff8d4400000 - 0x00007ff8d4772000 	C:\Windows\System32\KERNELBASE.dll
0x00007ff8d4840000 - 0x00007ff8d4951000 	C:\Windows\System32\ucrtbase.dll
0x00007ff8a6b40000 - 0x00007ff8a6b5b000 	C:\Program Files\Android\Android Studio\jbr\bin\VCRUNTIME140.dll
0x00007ff8a6990000 - 0x00007ff8a69a7000 	C:\Program Files\Android\Android Studio\jbr\bin\jli.dll
0x00007ff8d5370000 - 0x00007ff8d551c000 	C:\Windows\System32\USER32.dll
0x00007ff8b5b70000 - 0x00007ff8b5e15000 	C:\Windows\WinSxS\amd64_microsoft.windows.common-controls_6595b64144ccf1df_6.0.21996.1_none_7d6b053978bcd706\COMCTL32.dll
0x00007ff8d4960000 - 0x00007ff8d4986000 	C:\Windows\System32\win32u.dll
0x00007ff8d6840000 - 0x00007ff8d68e3000 	C:\Windows\System32\msvcrt.dll
0x00007ff8d4fc0000 - 0x00007ff8d4fe9000 	C:\Windows\System32\GDI32.dll
0x00007ff8d4260000 - 0x00007ff8d4372000 	C:\Windows\System32\gdi32full.dll
0x00007ff8d41c0000 - 0x00007ff8d425d000 	C:\Windows\System32\msvcp_win.dll
0x00007ff8d6780000 - 0x00007ff8d67b1000 	C:\Windows\System32\IMM32.DLL
0x00007ff8bc1e0000 - 0x00007ff8bc1ec000 	C:\Program Files\Android\Android Studio\jbr\bin\vcruntime140_1.dll
0x00007ff8a1580000 - 0x00007ff8a160d000 	C:\Program Files\Android\Android Studio\jbr\bin\msvcp140.dll
0x00007ff88e710000 - 0x00007ff88f393000 	C:\Program Files\Android\Android Studio\jbr\bin\server\jvm.dll
0x00007ff8d66d0000 - 0x00007ff8d677c000 	C:\Windows\System32\ADVAPI32.dll
0x00007ff8d55f0000 - 0x00007ff8d568d000 	C:\Windows\System32\sechost.dll
0x00007ff8d68f0000 - 0x00007ff8d6a11000 	C:\Windows\System32\RPCRT4.dll
0x00007ff8d0b90000 - 0x00007ff8d0b99000 	C:\Windows\SYSTEM32\WSOCK32.dll
0x00007ff8d2a20000 - 0x00007ff8d2a6d000 	C:\Windows\SYSTEM32\POWRPROF.dll
0x00007ff8cea90000 - 0x00007ff8ceac3000 	C:\Windows\SYSTEM32\WINMM.dll
0x00007ff8d5520000 - 0x00007ff8d558f000 	C:\Windows\System32\WS2_32.dll
0x00007ff8cea80000 - 0x00007ff8cea8a000 	C:\Windows\SYSTEM32\VERSION.dll
0x00007ff8d2b50000 - 0x00007ff8d2b63000 	C:\Windows\SYSTEM32\UMPDC.dll
0x00007ff8d3200000 - 0x00007ff8d3217000 	C:\Windows\SYSTEM32\kernel.appcore.dll
0x00007ff8b55e0000 - 0x00007ff8b55ea000 	C:\Program Files\Android\Android Studio\jbr\bin\jimage.dll
0x00007ff8ce850000 - 0x00007ff8cea71000 	C:\Windows\SYSTEM32\DBGHELP.DLL
0x00007ff8b8750000 - 0x00007ff8b8781000 	C:\Windows\SYSTEM32\dbgcore.DLL
0x00007ff8d4380000 - 0x00007ff8d4400000 	C:\Windows\System32\bcryptPrimitives.dll
0x00007ff8a6960000 - 0x00007ff8a6985000 	C:\Program Files\Android\Android Studio\jbr\bin\java.dll
0x00007ff8a6940000 - 0x00007ff8a6958000 	C:\Program Files\Android\Android Studio\jbr\bin\zip.dll
0x00007ff8d5f50000 - 0x00007ff8d66b9000 	C:\Windows\System32\SHELL32.dll
0x00007ff8d21b0000 - 0x00007ff8d2a08000 	C:\Windows\SYSTEM32\windows.storage.dll
0x00007ff8d4ff0000 - 0x00007ff8d5365000 	C:\Windows\System32\combase.dll
0x00007ff8d2040000 - 0x00007ff8d21a6000 	C:\Windows\SYSTEM32\wintypes.dll
0x00007ff8d4e10000 - 0x00007ff8d4efa000 	C:\Windows\System32\SHCORE.dll
0x00007ff8d6a20000 - 0x00007ff8d6a7d000 	C:\Windows\System32\shlwapi.dll
0x00007ff8d3f10000 - 0x00007ff8d3f31000 	C:\Windows\SYSTEM32\profapi.dll
0x00007ff8a62b0000 - 0x00007ff8a62c9000 	C:\Program Files\Android\Android Studio\jbr\bin\net.dll
0x00007ff8cf120000 - 0x00007ff8cf22c000 	C:\Windows\SYSTEM32\WINHTTP.dll
0x00007ff8d3610000 - 0x00007ff8d3677000 	C:\Windows\system32\mswsock.dll
0x00007ff8a2580000 - 0x00007ff8a2596000 	C:\Program Files\Android\Android Studio\jbr\bin\nio.dll
0x00007ff8aa220000 - 0x00007ff8aa230000 	C:\Program Files\Android\Android Studio\jbr\bin\verify.dll
0x00007ff8a2550000 - 0x00007ff8a2577000 	C:\Users\achar\.gradle\native\e1d6ef7f7dcc3fd88c89a11ec53ec762bb8ba0a96d01ffa2cd45eb1d1d8dd5c5\windows-amd64\native-platform.dll
0x00007ff892e80000 - 0x00007ff892fc4000 	C:\Users\achar\.gradle\native\0d407fdbe67a94daf76414ababcb853783967236a71b16ec16e742cd7a986fd3\windows-amd64\native-platform-file-events.dll
0x00007ff8a7bd0000 - 0x00007ff8a7bd9000 	C:\Program Files\Android\Android Studio\jbr\bin\management.dll
0x00007ff8a7b60000 - 0x00007ff8a7b6b000 	C:\Program Files\Android\Android Studio\jbr\bin\management_ext.dll
0x00007ff8d5690000 - 0x00007ff8d5698000 	C:\Windows\System32\PSAPI.DLL
0x00007ff8d3850000 - 0x00007ff8d3868000 	C:\Windows\SYSTEM32\CRYPTSP.dll
0x00007ff8d3160000 - 0x00007ff8d3195000 	C:\Windows\system32\rsaenh.dll
0x00007ff8d3700000 - 0x00007ff8d3729000 	C:\Windows\SYSTEM32\USERENV.dll
0x00007ff8d39d0000 - 0x00007ff8d39f7000 	C:\Windows\SYSTEM32\bcrypt.dll
0x00007ff8d3870000 - 0x00007ff8d387c000 	C:\Windows\SYSTEM32\CRYPTBASE.dll
0x00007ff8d2d80000 - 0x00007ff8d2dad000 	C:\Windows\SYSTEM32\IPHLPAPI.DLL
0x00007ff8d6830000 - 0x00007ff8d6839000 	C:\Windows\System32\NSI.dll
0x00007ff8ced80000 - 0x00007ff8ced99000 	C:\Windows\SYSTEM32\dhcpcsvc6.DLL
0x00007ff8cfe60000 - 0x00007ff8cfe7e000 	C:\Windows\SYSTEM32\dhcpcsvc.DLL
0x00007ff8d2db0000 - 0x00007ff8d2e95000 	C:\Windows\SYSTEM32\DNSAPI.dll
0x00007ff8a6d70000 - 0x00007ff8a6d79000 	C:\Program Files\Android\Android Studio\jbr\bin\extnet.dll
0x00007ff8a6b30000 - 0x00007ff8a6b38000 	C:\Windows\system32\wshunix.dll
0x00007ff8c7440000 - 0x00007ff8c744a000 	C:\Windows\System32\rasadhlp.dll
0x00007ff8cd4a0000 - 0x00007ff8cd521000 	C:\Windows\System32\fwpuclnt.dll
0x00007ff854040000 - 0x00007ff854057000 	C:\Windows\system32\napinsp.dll
0x00007ff854080000 - 0x00007ff85409b000 	C:\Windows\system32\pnrpnsp.dll
0x00007ff854060000 - 0x00007ff854072000 	C:\Windows\System32\winrnr.dll
0x00007ff8cf020000 - 0x00007ff8cf035000 	C:\Windows\system32\wshbth.dll
0x00007ff86f630000 - 0x00007ff86f64f000 	C:\Windows\system32\nlansp_c.dll

dbghelp: loaded successfully - version: 4.0.5 - missing functions: none
symbol engine: initialized successfully - sym options: 0x614 - pdb path: .;C:\Program Files\Android\Android Studio\jbr\bin;C:\Windows\SYSTEM32;C:\Windows\WinSxS\amd64_microsoft.windows.common-controls_6595b64144ccf1df_6.0.21996.1_none_7d6b053978bcd706;C:\Program Files\Android\Android Studio\jbr\bin\server;C:\Users\achar\.gradle\native\e1d6ef7f7dcc3fd88c89a11ec53ec762bb8ba0a96d01ffa2cd45eb1d1d8dd5c5\windows-amd64;C:\Users\achar\.gradle\native\0d407fdbe67a94daf76414ababcb853783967236a71b16ec16e742cd7a986fd3\windows-amd64

VM Arguments:
jvm_args: --add-opens=java.base/java.util=ALL-UNNAMED --add-opens=java.base/java.lang=ALL-UNNAMED --add-opens=java.base/java.lang.invoke=ALL-UNNAMED --add-opens=java.base/java.util=ALL-UNNAMED --add-opens=java.prefs/java.util.prefs=ALL-UNNAMED --add-opens=java.prefs/java.util.prefs=ALL-UNNAMED --add-opens=java.base/java.nio.charset=ALL-UNNAMED --add-opens=java.base/java.net=ALL-UNNAMED --add-opens=java.base/java.util.concurrent.atomic=ALL-UNNAMED -Xmx1536M -Dfile.encoding=windows-1252 -Duser.country=IN -Duser.language=en -Duser.variant 
java_command: org.gradle.launcher.daemon.bootstrap.GradleDaemon 7.5
java_class_path (initial): C:\Users\achar\.gradle\wrapper\dists\gradle-7.5-all\6qsw290k5lz422uaf8jf6m7co\gradle-7.5\lib\gradle-launcher-7.5.jar
Launcher Type: SUN_STANDARD

[Global flags]
     intx CICompilerCount                          = 4                                         {product} {ergonomic}
     uint ConcGCThreads                            = 2                                         {product} {ergonomic}
     uint G1ConcRefinementThreads                  = 8                                         {product} {ergonomic}
   size_t G1HeapRegionSize                         = 1048576                                   {product} {ergonomic}
    uintx GCDrainStackTargetSize                   = 64                                        {product} {ergonomic}
   size_t InitialHeapSize                          = 132120576                                 {product} {ergonomic}
   size_t MarkStackSize                            = 4194304                                   {product} {ergonomic}
   size_t MaxHeapSize                              = 1610612736                                {product} {command line}
   size_t MaxNewSize                               = 965738496                                 {product} {ergonomic}
   size_t MinHeapDeltaBytes                        = 1048576                                   {product} {ergonomic}
   size_t MinHeapSize                              = 8388608                                   {product} {ergonomic}
    uintx NonNMethodCodeHeapSize                   = 5839372                                {pd product} {ergonomic}
    uintx NonProfiledCodeHeapSize                  = 122909434                              {pd product} {ergonomic}
    uintx ProfiledCodeHeapSize                     = 122909434                              {pd product} {ergonomic}
    uintx ReservedCodeCacheSize                    = 251658240                              {pd product} {ergonomic}
     bool SegmentedCodeCache                       = true                                      {product} {ergonomic}
   size_t SoftMaxHeapSize                          = 1610612736                             {manageable} {ergonomic}
     bool UseCompressedClassPointers               = true                           {product lp64_product} {ergonomic}
     bool UseCompressedOops                        = true                           {product lp64_product} {ergonomic}
     bool UseG1GC                                  = true                                      {product} {ergonomic}
     bool UseLargePagesIndividualAllocation        = false                                  {pd product} {ergonomic}

Logging:
Log output configuration:
 #0: stdout all=warning uptime,level,tags
 #1: stderr all=off uptime,level,tags

Environment Variables:
JAVA_HOME=C:\Program Files\Android\Android Studio\jbr
CLASSPATH=D:\tistaben\android\\gradle\wrapper\gradle-wrapper.jar
PATH=C:\Program Files\Android\Android Studio\jbr\bin;C:\Program Files\Common Files\Oracle\Java\javapath;C:\Program Files\ImageMagick-7.1.1-Q16-HDRI;C:\Windows\system32;C:\Windows;C:\Windows\System32\Wbem;C:\Windows\System32\WindowsPowerShell\v1.0\;C:\Windows\System32\OpenSSH\;C:\Program Files\PuTTY\;C:\Program Files\Git\cmd;C:\Program Files\Microsoft SQL Server\150\Tools\Binn\;C:\Program Files\Microsoft SQL Server\Client SDK\ODBC\170\Tools\Binn\;C:\Program Files\dotnet\;C:\wamp64\bin\php\php8.2.18;C:\composer;C:\Program Files\nodejs\;C:\src\bin;C:\Users\achar\AppData\Local\Pub\Cache\bin;C:\Program Files (x86)\Windows Kits\10\Windows Performance Toolkit\;C:\Program Files\Java\jdk-15.0.2\bin;C:\Users\achar\AppData\Local\Microsoft\WindowsApps;C:\Users\achar\AppData\Local\Programs\Microsoft VS Code\bin;C:\Users\achar\.dotnet\tools;C:\Users\achar\AppData\Roaming\Composer\vendor\bin;C:\Users\achar\AppData\Roaming\npm;C:\Users\achar\AppData\Local\GitHubDesktop\bin;C:\src\bin\mingit\cmd
USERNAME=achar
OS=Windows_NT
PROCESSOR_IDENTIFIER=Intel64 Family 6 Model 142 Stepping 11, GenuineIntel
TMP=C:\Users\achar\AppData\Local\Temp
TEMP=C:\Users\achar\AppData\Local\Temp



Periodic native trim disabled

JNI global refs:
JNI global refs: 28, weak refs: 16

JNI global refs memory usage: 843, weak refs: 841

Process memory usage:
Resident Set Size: 750776K (9% of 8240372K total physical memory with 390728K free physical memory)

OOME stack traces (most recent first):
Classloader memory used:
Loader org.gradle.internal.classloader.VisitableURLClassLoader                         : 5164K
Loader org.gradle.internal.classloader.VisitableURLClassLoader                         : 3666K
Loader bootstrap                                                                       : 3611K
Loader org.gradle.initialization.MixInLegacyTypesClassLoader                           : 1584K
Loader jdk.internal.reflect.DelegatingClassLoader                                      : 278K
Loader org.gradle.groovy.scripts.internal.DefaultScriptCompilationHandler$ScriptClassLoader: 187K
Loader jdk.internal.loader.ClassLoaders$PlatformClassLoader                            : 101447B
Loader org.codehaus.groovy.runtime.callsite.CallSiteClassLoader                        : 38828B
Loader jdk.internal.loader.ClassLoaders$AppClassLoader                                 : 25682B
Loader sun.reflect.misc.MethodUtil                                                     : 373B

Classes loaded by more than one classloader:
Class Program                                                                         : loaded 6 times (x 70B)
Class org.jetbrains.kotlin.config.MavenComparableVersion$ListItem                     : loaded 2 times (x 178B)
Class org.gradle.internal.installation.GradleInstallation                             : loaded 2 times (x 73B)
Class com.google.common.collect.UsingToStringOrdering                                 : loaded 2 times (x 112B)
Class com.google.common.collect.Iterators$MergingIterator                             : loaded 2 times (x 79B)
Class org.objectweb.asm.ModuleVisitor                                                 : loaded 2 times (x 78B)
Class build_2r8lhpi2ezm1m98kvb68e65st$_run_closure1                                   : loaded 2 times (x 134B)
Class [Lcom.google.common.collect.AbstractMapEntry;                                   : loaded 2 times (x 67B)
Class com.google.common.collect.ImmutableRangeSet$AsSet                               : loaded 2 times (x 233B)
Class com.google.common.collect.SingletonImmutableList                                : loaded 2 times (x 167B)
Class com.google.common.cache.CacheLoader$SupplierToCacheLoader                       : loaded 2 times (x 73B)
Class org.gradle.internal.classpath.ClassPath                                         : loaded 2 times (x 68B)
Class com.google.common.cache.RemovalListener                                         : loaded 2 times (x 68B)
Class org.gradle.api.internal.classpath.DefaultModuleRegistry                         : loaded 2 times (x 84B)
Class com.google.common.collect.ImmutableEnumSet                                      : loaded 2 times (x 146B)
Class com.google.common.collect.ListMultimap                                          : loaded 2 times (x 68B)
Class com.google.common.base.CharMatcher$JavaDigit                                    : loaded 2 times (x 109B)
Class com.google.common.base.CharMatcher$Digit                                        : loaded 2 times (x 110B)
Class com.google.common.collect.AbstractMultimap                                      : loaded 2 times (x 121B)
Class build_2p59wrqza3gvnde4ktx3cjz8s$_run_closure1$_closure3                         : loaded 2 times (x 134B)
Class com.google.common.cache.CacheBuilder$OneWeigher                                 : loaded 2 times (x 80B)
Class org.gradle.api.Action                                                           : loaded 2 times (x 68B)
Class com.google.common.collect.ImmutableEntry                                        : loaded 2 times (x 80B)
Class com.google.common.collect.Lists$StringAsImmutableList                           : loaded 2 times (x 167B)
Class com.google.common.cache.LocalCache$StrongEntry                                  : loaded 2 times (x 106B)
Class org.objectweb.asm.FieldWriter                                                   : loaded 2 times (x 75B)
Class com.google.common.base.CharMatcher                                              : loaded 2 times (x 109B)
Class com.google.common.base.CharMatcher$IsNot                                        : loaded 2 times (x 109B)
Class com.google.common.collect.RegularImmutableSortedSet                             : loaded 2 times (x 233B)
Class org.jetbrains.kotlin.config.MavenComparableVersion$IntegerItem                  : loaded 2 times (x 78B)
Class com.google.common.collect.SetMultimap                                           : loaded 2 times (x 68B)
Class build_d7w0ltwgj7gnwcp118hwy4lkx$_run_closure1$_closure2                         : loaded 2 times (x 134B)
Class com.google.common.base.Splitter                                                 : loaded 2 times (x 70B)
Class build_d7w0ltwgj7gnwcp118hwy4lkx$_run_closure1$_closure3                         : loaded 2 times (x 134B)
Class [Lcom.google.common.cache.Weigher;                                              : loaded 2 times (x 67B)
Class com.google.common.collect.Iterators$ArrayItr                                    : loaded 2 times (x 95B)
Class com.google.common.cache.LocalCache$Segment                                      : loaded 2 times (x 152B)
Class org.gradle.api.internal.DefaultClassPathProvider                                : loaded 2 times (x 74B)
Class org.gradle.internal.installation.GradleInstallation$1                           : loaded 2 times (x 73B)
Class com.google.common.cache.LocalCache$AbstractReferenceEntry                       : loaded 2 times (x 105B)
Class org.objectweb.asm.Type                                                          : loaded 2 times (x 70B)
Class com.google.common.util.concurrent.AbstractFuture$Failure                        : loaded 2 times (x 70B)
Class build_6840nqwncqtaskk61c6dirai3$_run_closure1$_closure3                         : loaded 2 times (x 134B)
Class com.google.common.base.CharMatcher$BitSetMatcher                                : loaded 2 times (x 110B)
Class com.google.common.collect.ImmutableMap$IteratorBasedImmutableMap                : loaded 2 times (x 123B)
Class com.google.common.reflect.Reflection                                            : loaded 2 times (x 69B)
Class com.google.common.collect.ImmutableMap                                          : loaded 2 times (x 118B)
Class build_3wb652ty1duvh2lhxhqi6lhbw                                                 : loaded 2 times (x 178B)
Class settings_135bf6jml924hljbhxiofu8yl                                              : loaded 2 times (x 177B)
Class build_95cu2u8p4jly6h7x45ukeu4kg$_run_closure1                                   : loaded 2 times (x 134B)
Class com.google.common.collect.AbstractMapBasedMultimap$Itr                          : loaded 2 times (x 81B)
Class com.google.common.base.Converter                                                : loaded 2 times (x 88B)
Class com.google.common.collect.ImmutableSortedSetFauxverideShim                      : loaded 2 times (x 145B)
Class com.google.common.base.Equivalence                                              : loaded 2 times (x 80B)
Class com.google.common.cache.LocalCache$EntryFactory$1                               : loaded 2 times (x 81B)
Class com.google.common.primitives.Ints                                               : loaded 2 times (x 69B)
Class com.google.common.cache.LocalCache$EntryFactory$2                               : loaded 2 times (x 81B)
Class com.google.common.cache.LocalCache$EntryFactory$3                               : loaded 2 times (x 81B)
Class com.google.common.cache.LocalCache$EntryFactory$4                               : loaded 2 times (x 81B)
Class com.google.common.cache.LocalCache$EntryFactory$5                               : loaded 2 times (x 81B)
Class com.google.common.cache.LocalCache$EntryFactory$6                               : loaded 2 times (x 81B)
Class com.google.common.reflect.TypeResolver$TypeVariableKey                          : loaded 2 times (x 70B)
Class com.google.common.cache.LocalCache$EntryFactory$7                               : loaded 2 times (x 81B)
Class com.google.common.cache.LocalCache$EntryFactory$8                               : loaded 2 times (x 81B)
Class com.google.common.base.Predicate                                                : loaded 2 times (x 68B)
Class com.google.common.cache.LocalCache$StrongValueReference                         : loaded 2 times (x 88B)
Class org.gradle.internal.classloader.FilteringClassLoader                            : loaded 2 times (x 103B)
Class com.google.common.collect.AbstractMapBasedMultimap$WrappedCollection            : loaded 2 times (x 122B)
Class com.google.common.reflect.TypeResolver$TypeTable                                : loaded 2 times (x 71B)
Class com.google.common.reflect.Invokable$MethodInvokable                             : loaded 2 times (x 120B)
Class com.google.common.collect.RegularImmutableSet                                   : loaded 2 times (x 146B)
Class native_plugin_loader_2g3ad3ikxw701x4p9a7wl0bqt                                  : loaded 2 times (x 175B)
Class [Lcom.google.common.cache.LocalCache$Strength;                                  : loaded 2 times (x 67B)
Class org.gradle.internal.classpath.DefaultClassPath$ImmutableUniqueList$Builder      : loaded 2 times (x 73B)
Class com.google.common.collect.AbstractRangeSet                                      : loaded 2 times (x 112B)
Class com.google.common.collect.ExplicitOrdering                                      : loaded 2 times (x 113B)
Class com.google.common.collect.SortedSetMultimap                                     : loaded 2 times (x 68B)
Class com.google.common.collect.Maps$8                                                : loaded 2 times (x 80B)
Class build_b9m5agqmgu530pzb1xtr9vd2j$_run_closure1$_closure3                         : loaded 2 times (x 134B)
Class com.google.common.base.PatternCompiler                                          : loaded 2 times (x 68B)
Class [Lcom.google.common.cache.CacheBuilder$NullListener;                            : loaded 2 times (x 67B)
Class com.google.common.base.CharMatcher$InRange                                      : loaded 2 times (x 109B)
Class com.google.common.collect.Maps$KeySet                                           : loaded 2 times (x 135B)
Class com.google.common.collect.Sets$SetView                                          : loaded 2 times (x 136B)
Class com.google.common.collect.BiMap                                                 : loaded 2 times (x 68B)
Class com.google.common.collect.Lists                                                 : loaded 2 times (x 69B)
Class org.objectweb.asm.AnnotationWriter                                              : loaded 2 times (x 76B)
Class build_7lfbfnvkb3s2iud2fzfzy1xis                                                 : loaded 2 times (x 178B)
Class com.google.common.math.IntMath$1                                                : loaded 2 times (x 69B)
Class org.gradle.internal.classloader.ClassLoaderVisitor                              : loaded 2 times (x 74B)
Class org.objectweb.asm.Label                                                         : loaded 2 times (x 71B)
Class com.google.common.cache.CacheBuilder$NullListener                               : loaded 2 times (x 80B)
Class build_bgrn4ypw709dj2wnl52i1wepr$_run_closure1                                   : loaded 2 times (x 134B)
Class com.google.common.math.MathPreconditions                                        : loaded 2 times (x 69B)
Class build_d7w0ltwgj7gnwcp118hwy4lkx                                                 : loaded 2 times (x 179B)
Class org.gradle.internal.service.DefaultServiceLocator                               : loaded 2 times (x 81B)
Class org.gradle.internal.service.UnknownServiceException                             : loaded 2 times (x 81B)
Class build_b9m5agqmgu530pzb1xtr9vd2j$_run_closure1                                   : loaded 2 times (x 134B)
Class com.google.common.util.concurrent.AbstractFuture$SynchronizedHelper             : loaded 2 times (x 74B)
Class com.google.common.collect.ArrayListMultimap                                     : loaded 2 times (x 170B)
Class com.google.common.base.Strings                                                  : loaded 2 times (x 69B)
Class com.google.common.cache.CacheLoader$InvalidCacheLoadException                   : loaded 2 times (x 80B)
Class org.gradle.internal.classloader.DefaultClassLoaderFactory                       : loaded 2 times (x 80B)
Class com.google.common.collect.UnmodifiableIterator                                  : loaded 2 times (x 78B)
Class com.google.common.collect.Sets$2$1                                              : loaded 2 times (x 80B)
Class com.google.common.base.Stopwatch                                                : loaded 2 times (x 70B)
Class com.google.common.reflect.Types                                                 : loaded 2 times (x 69B)
Class com.google.common.base.Platform$JdkPatternCompiler                              : loaded 2 times (x 73B)
Class com.google.common.cache.LocalCache$LoadingValueReference                        : loaded 2 times (x 94B)
Class com.google.common.base.CharMatcher$SingleWidth                                  : loaded 2 times (x 110B)
Class com.google.common.collect.Hashing                                               : loaded 2 times (x 69B)
Class build_cze8u28aw3rwyoqx2gdlnqh7d                                                 : loaded 2 times (x 178B)
Class com.google.common.collect.NullsFirstOrdering                                    : loaded 2 times (x 113B)
Class com.google.common.collect.ImmutableRangeSet$ComplementRanges                    : loaded 2 times (x 167B)
Class [Lcom.google.common.reflect.Types$ClassOwnership;                               : loaded 2 times (x 67B)
Class com.google.common.collect.NaturalOrdering                                       : loaded 2 times (x 113B)
Class build_4axeva1xqoyc2oihmz0gbww8w$_run_closure1                                   : loaded 2 times (x 134B)
Class com.google.common.base.JdkPattern                                               : loaded 2 times (x 73B)
Class com.google.common.collect.ByFunctionOrdering                                    : loaded 2 times (x 113B)
Class com.google.common.collect.Multimap                                              : loaded 2 times (x 68B)
Class com.google.common.base.FunctionalEquivalence                                    : loaded 2 times (x 81B)
Class org.objectweb.asm.AnnotationVisitor                                             : loaded 2 times (x 75B)
Class org.objectweb.asm.RecordComponentWriter                                         : loaded 2 times (x 76B)
Class com.google.common.cache.LocalCache$1                                            : loaded 2 times (x 87B)
Class com.google.common.cache.LocalCache$2                                            : loaded 2 times (x 140B)
Class com.google.common.collect.RegularImmutableBiMap                                 : loaded 2 times (x 147B)
Class org.gradle.internal.classloader.VisitableURLClassLoader$Spec                    : loaded 2 times (x 72B)
Class org.gradle.api.GradleException                                                  : loaded 2 times (x 80B)
Class com.google.common.base.CharMatcher$JavaLetterOrDigit                            : loaded 2 times (x 109B)
Class org.gradle.api.internal.classpath.ModuleRegistry                                : loaded 2 times (x 68B)
Class com.google.common.collect.CompoundOrdering                                      : loaded 2 times (x 113B)
Class com.google.common.reflect.TypeToken$1                                           : loaded 2 times (x 123B)
Class com.google.common.cache.CacheBuilder                                            : loaded 2 times (x 70B)
Class com.google.common.reflect.TypeToken$2                                           : loaded 2 times (x 123B)
Class org.objectweb.asm.ByteVector                                                    : loaded 2 times (x 76B)
Class com.google.common.collect.ImmutableCollection                                   : loaded 2 times (x 123B)
Class com.google.common.collect.ImmutableRangeSet                                     : loaded 2 times (x 113B)
Class com.google.common.base.PairwiseEquivalence                                      : loaded 2 times (x 81B)
Class com.google.common.base.Ticker                                                   : loaded 2 times (x 70B)
Class build_cvs2a5ad7orgts4n6eqeupo96                                                 : loaded 2 times (x 178B)
Class org.gradle.api.internal.ClassPathProvider                                       : loaded 2 times (x 68B)
Class com.google.common.collect.RegularImmutableMap$Values                            : loaded 2 times (x 167B)
Class build_1t99adbn5w4spyucjpoze0vyr$_run_closure1$_closure3                         : loaded 2 times (x 134B)
Class org.objectweb.asm.ModuleWriter                                                  : loaded 2 times (x 79B)
Class org.gradle.internal.classloader.ClasspathUtil$1                                 : loaded 2 times (x 74B)
Class com.google.common.collect.ImmutableEnumMap                                      : loaded 2 times (x 123B)
Class build_4axeva1xqoyc2oihmz0gbww8w                                                 : loaded 2 times (x 178B)
Class com.google.common.collect.ImmutableList$ReverseImmutableList                    : loaded 2 times (x 168B)
Class [Lorg.jetbrains.kotlin.utils.DescriptionAware;                                  : loaded 2 times (x 67B)
Class com.google.common.cache.AbstractCache$StatsCounter                              : loaded 2 times (x 68B)
Class org.objectweb.asm.FieldVisitor                                                  : loaded 2 times (x 74B)
Class org.objectweb.asm.Symbol                                                        : loaded 2 times (x 71B)
Class com.google.common.reflect.TypeToken                                             : loaded 2 times (x 71B)
Class com.google.common.collect.Ordering                                              : loaded 2 times (x 112B)
Class com.google.common.cache.LocalCache$Strength$1                                   : loaded 2 times (x 79B)
Class com.google.common.cache.LocalCache$Strength$2                                   : loaded 2 times (x 79B)
Class com.google.common.cache.LocalCache$Strength$3                                   : loaded 2 times (x 79B)
Class org.gradle.internal.classloader.ClassLoaderFactory                              : loaded 2 times (x 68B)
Class com.google.common.collect.ObjectArrays                                          : loaded 2 times (x 69B)
Class com.google.common.util.concurrent.AbstractFuture$Waiter                         : loaded 2 times (x 70B)
Class com.google.common.util.concurrent.Uninterruptibles                              : loaded 2 times (x 69B)
Class com.google.common.collect.Iterators$10                                          : loaded 2 times (x 79B)
Class build_6840nqwncqtaskk61c6dirai3$_run_closure1                                   : loaded 2 times (x 134B)
Class com.google.common.collect.Iterators$EmptyModifiableIterator                     : loaded 2 times (x 84B)
Class com.google.common.collect.ImmutableList                                         : loaded 2 times (x 166B)
Class org.gradle.api.internal.classpath.ManifestUtil                                  : loaded 2 times (x 69B)
Class org.gradle.api.specs.Spec                                                       : loaded 2 times (x 68B)
Class com.google.common.collect.RangeSet                                              : loaded 2 times (x 68B)
Class com.google.common.cache.CacheLoader$UnsupportedLoadingOperationException        : loaded 2 times (x 80B)
Class com.google.common.base.CharMatcher$Whitespace                                   : loaded 2 times (x 110B)
Class com.google.common.util.concurrent.ListenableFuture                              : loaded 2 times (x 68B)
Class build_cvs2a5ad7orgts4n6eqeupo96$_run_closure1                                   : loaded 2 times (x 134B)
Class com.google.common.collect.Iterators$1                                           : loaded 2 times (x 79B)
Class com.google.common.collect.Iterators$4                                           : loaded 2 times (x 80B)
Class com.google.common.collect.Iterators$5                                           : loaded 2 times (x 80B)
Class com.google.common.util.concurrent.AbstractFuture$UnsafeAtomicHelper             : loaded 2 times (x 74B)
Class com.google.common.base.Joiner                                                   : loaded 2 times (x 77B)
Class com.google.common.base.Equivalence$Equals                                       : loaded 2 times (x 80B)
Class com.google.common.base.Preconditions                                            : loaded 2 times (x 69B)
Class com.google.common.base.Function                                                 : loaded 2 times (x 68B)
Class com.google.common.collect.Iterators$9                                           : loaded 2 times (x 79B)
Class org.gradle.internal.IoActions                                                   : loaded 2 times (x 69B)
Class com.google.common.collect.AllEqualOrdering                                      : loaded 2 times (x 112B)
Class com.google.common.collect.ComparatorOrdering                                    : loaded 2 times (x 113B)
Class com.google.common.cache.ReferenceEntry                                          : loaded 2 times (x 68B)
Class com.google.common.collect.RegularImmutableMap$KeySet                            : loaded 2 times (x 148B)
Class com.google.common.collect.CollectPreconditions                                  : loaded 2 times (x 69B)
Class com.google.common.primitives.IntsMethodsForWeb                                  : loaded 2 times (x 69B)
Class com.google.common.collect.LexicographicalOrdering                               : loaded 2 times (x 113B)
Class com.google.common.collect.RangeGwtSerializationDependencies                     : loaded 2 times (x 69B)
Class com.google.common.collect.Maps                                                  : loaded 2 times (x 69B)
Class com.google.common.collect.RegularImmutableMap                                   : loaded 2 times (x 119B)
Class build_bgrn4ypw709dj2wnl52i1wepr$_run_closure1$_closure3                         : loaded 2 times (x 134B)
Class com.google.common.collect.AbstractIndexedListIterator                           : loaded 2 times (x 94B)
Class com.google.common.base.CharMatcher$None                                         : loaded 2 times (x 110B)
Class org.gradle.api.internal.classpath.EffectiveClassPath                            : loaded 2 times (x 88B)
Class com.google.common.collect.UnmodifiableListIterator                              : loaded 2 times (x 93B)
Class com.google.common.cache.CacheLoader$FunctionToCacheLoader                       : loaded 2 times (x 73B)
Class build_2p59wrqza3gvnde4ktx3cjz8s                                                 : loaded 2 times (x 178B)
Class com.google.common.cache.CacheBuilder$1                                          : loaded 2 times (x 83B)
Class com.google.common.cache.CacheBuilder$2                                          : loaded 2 times (x 77B)
Class com.google.common.collect.ImmutableList$1                                       : loaded 2 times (x 95B)
Class com.google.common.base.Splitter$Strategy                                        : loaded 2 times (x 68B)
Class com.google.common.cache.CacheBuilder$3                                          : loaded 2 times (x 70B)
Class com.google.common.collect.ImmutableMapEntrySet$RegularEntrySet                  : loaded 2 times (x 149B)
Class [Lcom.google.common.cache.RemovalListener;                                      : loaded 2 times (x 67B)
Class [Lcom.google.common.collect.ImmutableMapEntry;                                  : loaded 2 times (x 67B)
Class build_2z6fj3h19w6k6et84eo1b3sai                                                 : loaded 2 times (x 178B)
Class org.gradle.internal.installation.CurrentGradleInstallation                      : loaded 2 times (x 71B)
Class org.gradle.internal.installation.CurrentGradleInstallationLocator               : loaded 2 times (x 69B)
Class [Lcom.google.common.cache.LocalCache$Segment;                                   : loaded 2 times (x 67B)
Class org.gradle.api.internal.classpath.Module                                        : loaded 2 times (x 68B)
Class build_7lfbfnvkb3s2iud2fzfzy1xis$_run_closure1                                   : loaded 2 times (x 134B)
Class build_2r8lhpi2ezm1m98kvb68e65st$_run_closure1$_closure3                         : loaded 2 times (x 134B)
Class com.google.common.collect.Multimaps$CustomSetMultimap                           : loaded 2 times (x 176B)
Class com.google.common.collect.ImmutableSortedSet                                    : loaded 2 times (x 233B)
Class com.google.common.base.Splitter$1$1                                             : loaded 2 times (x 84B)
Class com.google.common.collect.ImmutableSet$JdkBackedSetBuilderImpl                  : loaded 2 times (x 74B)
Class Dependency_version_checker_gradle                                               : loaded 2 times (x 128B)
Class com.google.common.reflect.Types$TypeVariableInvocationHandler                   : loaded 2 times (x 73B)
Class com.google.common.reflect.Types$ClassOwnership                                  : loaded 2 times (x 78B)
Class [Lorg.jetbrains.kotlin.config.LanguageOrApiVersion;                             : loaded 2 times (x 67B)
Class com.google.common.collect.ImmutableSet$RegularSetBuilderImpl                    : loaded 2 times (x 75B)
Class [Lorg.objectweb.asm.AnnotationWriter;                                           : loaded 2 times (x 67B)
Class org.gradle.internal.service.CachingServiceLocator                               : loaded 2 times (x 80B)
Class [Lcom.google.common.collect.ImmutableEntry;                                     : loaded 2 times (x 67B)
Class com.google.common.collect.Sets$ImprovedAbstractSet                              : loaded 2 times (x 133B)
Class org.gradle.internal.classpath.DefaultClassPath                                  : loaded 2 times (x 88B)
Class com.google.common.collect.AbstractSetMultimap                                   : loaded 2 times (x 172B)
Class build_ehugemakw0p0va902n498cc8y                                                 : loaded 2 times (x 178B)
Class native_plugin_loader_2g3ad3ikxw701x4p9a7wl0bqt$_run_closure1                    : loaded 2 times (x 134B)
Class org.gradle.api.Transformer                                                      : loaded 2 times (x 68B)
Class com.google.common.collect.AbstractMapBasedMultimap$2                            : loaded 2 times (x 83B)
Class build_ehugemakw0p0va902n498cc8y$_run_closure1                                   : loaded 2 times (x 134B)
Class com.google.common.util.concurrent.AbstractFuture$SetFuture                      : loaded 2 times (x 73B)
Class com.google.common.collect.CollectCollectors                                     : loaded 2 times (x 69B)
Class build_1hwlyq8sy7aylcz6mvammzy2k                                                 : loaded 2 times (x 178B)
Class com.google.common.base.Splitter$SplittingIterator                               : loaded 2 times (x 82B)
Class com.google.common.reflect.TypeParameter                                         : loaded 2 times (x 70B)
Class com.google.common.cache.LocalCache$LocalManualCache$1                           : loaded 2 times (x 73B)
Class com.google.common.reflect.Types$ClassOwnership$1LocalClass                      : loaded 2 times (x 69B)
Class org.objectweb.asm.SymbolTable$Entry                                             : loaded 2 times (x 72B)
Class [Lcom.google.common.cache.LocalCache$EntryFactory;                              : loaded 2 times (x 67B)
Class build_95cu2u8p4jly6h7x45ukeu4kg$_run_closure1$_closure3                         : loaded 2 times (x 134B)
Class com.google.common.base.CharMatcher$Is                                           : loaded 2 times (x 109B)
Class com.google.common.base.Platform                                                 : loaded 2 times (x 69B)
Class com.google.common.collect.RegularImmutableAsList                                : loaded 2 times (x 176B)
Class com.google.common.collect.PeekingIterator                                       : loaded 2 times (x 68B)
Class build_d7w0ltwgj7gnwcp118hwy4lkx$_run_closure1                                   : loaded 2 times (x 134B)
Class com.google.common.collect.AbstractMapBasedMultimap$WrappedSet                   : loaded 2 times (x 140B)
Class com.google.common.reflect.TypeResolver$TypeTable$1                              : loaded 2 times (x 71B)
Class com.google.common.collect.ImmutableMapEntrySet                                  : loaded 2 times (x 149B)
Class com.google.common.cache.CacheLoader                                             : loaded 2 times (x 72B)
Class com.google.common.collect.ImmutableBiMapFauxverideShim                          : loaded 2 times (x 118B)
Class org.objectweb.asm.MethodTooLargeException                                       : loaded 2 times (x 81B)
Class NativePluginLoader$getDependenciesMetadata$0                                    : loaded 2 times (x 150B)
Class com.google.common.reflect.Types$1                                               : loaded 2 times (x 82B)
Class com.google.common.cache.Cache                                                   : loaded 2 times (x 68B)
Class org.jetbrains.kotlin.config.ApiVersion                                          : loaded 2 times (x 84B)
Class org.gradle.internal.classloader.SystemClassLoaderSpec                           : loaded 2 times (x 69B)
Class com.google.common.util.concurrent.internal.InternalFutureFailureAccess          : loaded 2 times (x 70B)
Class com.google.common.base.Charsets                                                 : loaded 2 times (x 69B)
Class org.jetbrains.kotlin.utils.DescriptionAware                                     : loaded 2 times (x 68B)
Class com.google.common.primitives.Ints$IntConverter                                  : loaded 2 times (x 88B)
Class com.google.common.collect.SingletonImmutableSet                                 : loaded 2 times (x 146B)
Class com.google.common.reflect.Types$TypeVariableImpl                                : loaded 2 times (x 70B)
Class [Lcom.google.common.base.AbstractIterator$State;                                : loaded 2 times (x 67B)
Class com.google.common.collect.ImmutableMap$Builder                                  : loaded 2 times (x 78B)
Class com.google.common.base.AbstractIterator                                         : loaded 2 times (x 78B)
Class org.objectweb.asm.ClassWriter                                                   : loaded 2 times (x 102B)
Class build_1t99adbn5w4spyucjpoze0vyr$_run_closure1                                   : loaded 2 times (x 134B)
Class com.google.common.collect.Range                                                 : loaded 2 times (x 85B)
Class org.jetbrains.kotlin.config.LanguageVersion                                     : loaded 2 times (x 88B)
Class com.google.common.base.AbstractIterator$1                                       : loaded 2 times (x 69B)
Class org.jetbrains.kotlin.config.MavenComparableVersion$Item                         : loaded 2 times (x 68B)
Class [Lcom.google.common.cache.CacheBuilder$OneWeigher;                              : loaded 2 times (x 67B)
Class com.google.common.collect.Iterators                                             : loaded 2 times (x 69B)
Class com.google.common.base.CharMatcher$1                                            : loaded 2 times (x 111B)
Class com.google.common.base.CharMatcher$Ascii                                        : loaded 2 times (x 110B)
Class org.gradle.api.UncheckedIOException                                             : loaded 2 times (x 80B)
Class com.google.common.base.CharMatcher$And                                          : loaded 2 times (x 110B)
Class com.google.common.reflect.Element                                               : loaded 2 times (x 100B)
Class com.google.common.collect.IndexedImmutableSet                                   : loaded 2 times (x 148B)
Class com.google.common.base.ExtraObjectsMethodsForWeb                                : loaded 2 times (x 69B)
Class build_1hwlyq8sy7aylcz6mvammzy2k$_run_closure1                                   : loaded 2 times (x 134B)
Class com.google.common.collect.IndexedImmutableSet$1                                 : loaded 2 times (x 172B)
Class com.google.common.collect.AbstractListMultimap                                  : loaded 2 times (x 170B)
Class com.google.common.base.CharMatcher$Any                                          : loaded 2 times (x 110B)
Class com.google.common.reflect.TypeCapture                                           : loaded 2 times (x 69B)
Class com.google.common.cache.LocalCache$Strength                                     : loaded 2 times (x 79B)
Class com.google.common.collect.AbstractMapBasedMultimap$KeySet                       : loaded 2 times (x 135B)
Class com.google.common.collect.SortedIterable                                        : loaded 2 times (x 68B)
Class com.google.common.collect.ArrayListMultimapGwtSerializationDependencies         : loaded 2 times (x 170B)
Class com.google.common.base.CharMatcher$RangesMatcher                                : loaded 2 times (x 110B)
Class org.objectweb.asm.Handler                                                       : loaded 2 times (x 70B)
Class com.google.common.collect.ImmutableList$SubList                                 : loaded 2 times (x 168B)
Class com.google.common.cache.LocalCache$ValueReference                               : loaded 2 times (x 68B)
Class org.gradle.internal.classloader.ClasspathUtil                                   : loaded 2 times (x 69B)
Class org.objectweb.asm.CurrentFrame                                                  : loaded 2 times (x 71B)
Class com.google.common.util.concurrent.AbstractFuture                                : loaded 2 times (x 93B)
Class com.google.common.reflect.TypeResolver                                          : loaded 2 times (x 70B)
Class com.google.common.base.Splitter$1                                               : loaded 2 times (x 75B)
Class com.google.common.collect.ReverseOrdering                                       : loaded 2 times (x 113B)
Class com.google.common.base.Ticker$1                                                 : loaded 2 times (x 70B)
Class com.google.common.collect.Maps$BiMapConverter                                   : loaded 2 times (x 88B)
Class org.gradle.api.internal.DefaultClassPathRegistry                                : loaded 2 times (x 74B)
Class org.jetbrains.kotlin.config.LanguageOrApiVersion                                : loaded 2 times (x 68B)
Class com.google.common.util.concurrent.AbstractFuture$Cancellation                   : loaded 2 times (x 70B)
Class [Lorg.objectweb.asm.Symbol;                                                     : loaded 2 times (x 67B)
Class com.google.common.collect.Multimaps$Entries                                     : loaded 2 times (x 116B)
Class com.google.common.collect.ImmutableSet$SetBuilderImpl                           : loaded 2 times (x 74B)
Class org.gradle.api.internal.classpath.DefaultModuleRegistry$DefaultModule           : loaded 2 times (x 84B)
Class com.google.common.base.CharMatcher$JavaIsoControl                               : loaded 2 times (x 110B)
Class com.google.common.collect.ImmutableMap$1                                        : loaded 2 times (x 79B)
Class org.jetbrains.kotlin.config.ApiVersion$Companion                                : loaded 2 times (x 69B)
Class com.google.common.base.CharMatcher$Or                                           : loaded 2 times (x 110B)
Class com.google.common.base.Suppliers$SupplierOfInstance                             : loaded 2 times (x 77B)
Class org.objectweb.asm.RecordComponentVisitor                                        : loaded 2 times (x 75B)
Class com.google.common.reflect.Types$ClassOwnership$1                                : loaded 2 times (x 78B)
Class com.google.common.reflect.Invokable                                             : loaded 2 times (x 116B)
Class com.google.common.reflect.Types$ClassOwnership$2                                : loaded 2 times (x 78B)
Class com.google.common.reflect.Types$ClassOwnership$3                                : loaded 2 times (x 69B)
Class com.google.common.collect.Iterables                                             : loaded 2 times (x 69B)
Class com.google.common.base.CharMatcher$JavaLowerCase                                : loaded 2 times (x 109B)
Class org.objectweb.asm.ClassTooLargeException                                        : loaded 2 times (x 81B)
Class org.jetbrains.kotlin.config.LanguageVersion$Companion                           : loaded 2 times (x 69B)
Class org.gradle.api.internal.classpath.UnknownModuleException                        : loaded 2 times (x 80B)
Class com.google.common.util.concurrent.AbstractFuture$Listener                       : loaded 2 times (x 70B)
Class org.objectweb.asm.Edge                                                          : loaded 2 times (x 70B)
Class com.google.common.collect.Maps$EntryTransformer                                 : loaded 2 times (x 68B)
Class com.google.common.collect.ImmutableCollection$Builder                           : loaded 2 times (x 74B)
Class [Lorg.objectweb.asm.SymbolTable$Entry;                                          : loaded 2 times (x 67B)
Class com.google.common.reflect.Types$JavaVersion                                     : loaded 2 times (x 81B)
Class com.google.common.collect.SingletonImmutableBiMap                               : loaded 2 times (x 142B)
Class com.google.common.base.CommonPattern                                            : loaded 2 times (x 72B)
Class com.google.common.base.Suppliers                                                : loaded 2 times (x 69B)
Class [Lcom.google.common.collect.Iterators$EmptyModifiableIterator;                  : loaded 2 times (x 67B)
Class org.objectweb.asm.ClassVisitor                                                  : loaded 2 times (x 85B)
Class com.google.common.cache.LoadingCache                                            : loaded 2 times (x 68B)
Class org.gradle.internal.service.ServiceLookupException                              : loaded 2 times (x 80B)
Class build_b9m5agqmgu530pzb1xtr9vd2j                                                 : loaded 2 times (x 178B)
Class org.gradle.cache.GlobalCache                                                    : loaded 2 times (x 68B)
Class NativePluginLoader                                                              : loaded 2 times (x 91B)
Class com.google.common.base.CharMatcher$NegatedFastMatcher                           : loaded 2 times (x 111B)
Class [Lorg.gradle.api.internal.ClassPathProvider;                                    : loaded 2 times (x 67B)
Class com.google.common.util.concurrent.AbstractFuture$SafeAtomicHelper               : loaded 2 times (x 75B)
Class org.gradle.util.internal.GUtil                                                  : loaded 2 times (x 69B)
Class build_2r8lhpi2ezm1m98kvb68e65st                                                 : loaded 2 times (x 179B)
Class com.google.common.math.IntMath                                                  : loaded 2 times (x 69B)
Class [Lcom.google.common.reflect.Types$JavaVersion;                                  : loaded 2 times (x 67B)
Class com.google.common.collect.AbstractIterator                                      : loaded 2 times (x 80B)
Class org.gradle.internal.classloader.ClassLoaderSpec                                 : loaded 2 times (x 69B)
Class NativePluginLoader$_getPlugins_closure1                                         : loaded 2 times (x 134B)
Class org.objectweb.asm.Frame                                                         : loaded 2 times (x 71B)
Class com.google.common.cache.LocalCache$LocalManualCache                             : loaded 2 times (x 97B)
Class com.google.common.collect.AbstractMapEntry                                      : loaded 2 times (x 79B)
Class com.google.common.collect.ImmutableList$Builder                                 : loaded 2 times (x 75B)
Class com.google.common.base.CharMatcher$Negated                                      : loaded 2 times (x 111B)
Class build_cze8u28aw3rwyoqx2gdlnqh7d$_run_closure1                                   : loaded 2 times (x 134B)
Class com.google.common.cache.CacheLoader$1                                           : loaded 2 times (x 73B)
Class com.google.common.util.concurrent.AbstractFuture$TrustedFuture                  : loaded 2 times (x 95B)
Class com.google.common.collect.Sets                                                  : loaded 2 times (x 69B)
Class com.google.common.collect.ImmutableSet$Builder                                  : loaded 2 times (x 83B)
Class com.google.common.base.CharMatcher$ForPredicate                                 : loaded 2 times (x 110B)
Class com.google.common.collect.ImmutableMap$MapViewOfValuesAsSingletonSets           : loaded 2 times (x 123B)
Class com.google.common.base.MoreObjects                                              : loaded 2 times (x 69B)
Class com.google.common.collect.SortedMapDifference                                   : loaded 2 times (x 68B)
Class org.objectweb.asm.SymbolTable                                                   : loaded 2 times (x 70B)
Class [Lorg.objectweb.asm.AnnotationVisitor;                                          : loaded 2 times (x 67B)
Class com.google.common.cache.CacheStats                                              : loaded 2 times (x 69B)
Class org.objectweb.asm.Attribute                                                     : loaded 2 times (x 75B)
Class org.gradle.internal.classloader.VisitableURLClassLoader                         : loaded 2 times (x 115B)
Class com.google.common.cache.LocalCache$LocalLoadingCache                            : loaded 2 times (x 132B)
Class com.google.common.base.Supplier                                                 : loaded 2 times (x 68B)
Class com.google.common.base.Objects                                                  : loaded 2 times (x 69B)
Class com.google.common.util.concurrent.AbstractFuture$AtomicHelper                   : loaded 2 times (x 74B)
Class com.google.common.collect.ImmutableBiMap                                        : loaded 2 times (x 142B)
Class org.gradle.internal.Cast                                                        : loaded 2 times (x 69B)
Class Build_gradle                                                                    : loaded 2 times (x 128B)
Class build_95cu2u8p4jly6h7x45ukeu4kg                                                 : loaded 2 times (x 178B)
Class org.gradle.api.internal.ClassPathRegistry                                       : loaded 2 times (x 68B)
Class com.google.common.cache.LocalCache$EntryFactory                                 : loaded 2 times (x 81B)
Class com.google.common.util.concurrent.UncheckedExecutionException                   : loaded 2 times (x 80B)
Class com.google.common.collect.ImmutableSet                                          : loaded 2 times (x 145B)
Class org.gradle.internal.classloader.ClassLoaderHierarchy                            : loaded 2 times (x 68B)
Class NativePluginLoader$getPlugins                                                   : loaded 2 times (x 150B)
Class build_1t99adbn5w4spyucjpoze0vyr                                                 : loaded 2 times (x 178B)
Class [Lorg.objectweb.asm.Type;                                                       : loaded 2 times (x 67B)
Class com.google.common.base.AbstractIterator$State                                   : loaded 2 times (x 77B)
Class com.google.common.cache.Weigher                                                 : loaded 2 times (x 68B)
Class com.google.common.base.CharMatcher$NamedFastMatcher                             : loaded 2 times (x 110B)
Class org.gradle.internal.service.ServiceLocator                                      : loaded 2 times (x 68B)
Class build_2p59wrqza3gvnde4ktx3cjz8s$_run_closure1                                   : loaded 2 times (x 134B)
Class org.jetbrains.kotlin.config.MavenComparableVersion                              : loaded 2 times (x 76B)
Class com.google.common.collect.ImmutableRangeSet$1                                   : loaded 2 times (x 169B)
Class com.google.common.util.concurrent.SettableFuture                                : loaded 2 times (x 95B)
Class com.google.common.collect.ImmutableMapEntry                                     : loaded 2 times (x 83B)
Class com.google.common.reflect.Types$ParameterizedTypeImpl                           : loaded 2 times (x 79B)
Class build_3wb652ty1duvh2lhxhqi6lhbw$_run_closure1                                   : loaded 2 times (x 134B)
Class com.google.common.base.CharMatcher$Invisible                                    : loaded 2 times (x 110B)
Class com.google.common.base.Joiner$1                                                 : loaded 2 times (x 78B)
Class com.google.common.base.Joiner$2                                                 : loaded 2 times (x 77B)
Class com.google.common.reflect.Types$JavaVersion$1                                   : loaded 2 times (x 81B)
Class com.google.common.base.CharMatcher$FastMatcher                                  : loaded 2 times (x 109B)
Class com.google.common.reflect.Types$JavaVersion$2                                   : loaded 2 times (x 81B)
Class [Lorg.jetbrains.kotlin.config.LanguageVersion;                                  : loaded 2 times (x 67B)
Class com.google.common.reflect.Types$JavaVersion$3                                   : loaded 2 times (x 81B)
Class org.gradle.internal.classpath.DefaultClassPath$ImmutableUniqueList              : loaded 2 times (x 159B)
Class com.google.common.reflect.Types$JavaVersion$4                                   : loaded 2 times (x 81B)
Class com.google.common.reflect.Types$JavaVersion$5                                   : loaded 2 times (x 69B)
Class com.google.common.base.CharMatcher$JavaLetter                                   : loaded 2 times (x 109B)
Class com.google.common.collect.MapDifference                                         : loaded 2 times (x 68B)
Class build_6840nqwncqtaskk61c6dirai3                                                 : loaded 2 times (x 178B)
Class com.google.common.reflect.TypeToken$SimpleTypeToken                             : loaded 2 times (x 71B)
Class com.google.common.collect.Sets$1                                                : loaded 2 times (x 137B)
Class com.google.common.collect.Sets$2                                                : loaded 2 times (x 137B)
Class com.google.common.util.concurrent.AbstractFuture$Trusted                        : loaded 2 times (x 68B)
Class com.google.common.collect.Sets$3                                                : loaded 2 times (x 137B)
Class com.google.common.collect.Sets$4                                                : loaded 2 times (x 137B)
Class com.google.common.reflect.Types$NativeTypeVariableEquals                        : loaded 2 times (x 69B)
Class com.google.common.collect.AbstractMapBasedMultimap$WrappedCollection$WrappedIterator: loaded 2 times (x 82B)
Class org.objectweb.asm.MethodWriter                                                  : loaded 2 times (x 103B)
Class com.google.common.collect.Multimaps                                             : loaded 2 times (x 69B)
Class com.google.common.collect.Platform                                              : loaded 2 times (x 69B)
Class com.google.common.collect.ImmutableAsList                                       : loaded 2 times (x 169B)
Class com.google.common.util.concurrent.ExecutionError                                : loaded 2 times (x 80B)
Class com.google.common.base.Equivalence$Identity                                     : loaded 2 times (x 80B)
Class com.google.common.base.CharMatcher$AnyOf                                        : loaded 2 times (x 110B)
Class com.google.common.base.CharMatcher$IsEither                                     : loaded 2 times (x 109B)
Class build_2z6fj3h19w6k6et84eo1b3sai$_run_closure1                                   : loaded 2 times (x 134B)
Class com.google.common.cache.LocalCache                                              : loaded 2 times (x 185B)
Class com.google.common.collect.ImmutableRangeSet$Builder                             : loaded 2 times (x 75B)
Class build_bgrn4ypw709dj2wnl52i1wepr                                                 : loaded 2 times (x 178B)
Class com.google.common.collect.RegularImmutableList                                  : loaded 2 times (x 172B)
Class com.google.common.util.concurrent.AbstractFuture$UnsafeAtomicHelper$1           : loaded 2 times (x 74B)
Class com.google.common.base.CharMatcher$JavaUpperCase                                : loaded 2 times (x 109B)
Class com.google.common.collect.Multiset                                              : loaded 2 times (x 68B)
Class com.google.common.collect.AbstractMultimap$Entries                              : loaded 2 times (x 118B)
Class com.google.common.reflect.Invokable$ConstructorInvokable                        : loaded 2 times (x 120B)
Class org.objectweb.asm.MethodVisitor                                                 : loaded 2 times (x 102B)
Class com.google.common.collect.NullsLastOrdering                                     : loaded 2 times (x 113B)
Class com.google.common.collect.AbstractMapBasedMultimap$KeySet$1                     : loaded 2 times (x 80B)
Class com.google.common.collect.ImmutableMapEntry$NonTerminalImmutableMapEntry        : loaded 2 times (x 83B)
Class com.google.common.collect.AbstractMapBasedMultimap                              : loaded 2 times (x 137B)


---------------  S Y S T E M  ---------------

OS:
 Windows 10 , 64 bit Build 21996 (10.0.21996.1)
OS uptime: 2 days 1:47 hours

CPU: total 8 (initial active 8) (4 cores per cpu, 2 threads per core) family 6 model 142 stepping 11 microcode 0xde, cx8, cmov, fxsr, ht, mmx, 3dnowpref, sse, sse2, sse3, ssse3, sse4.1, sse4.2, popcnt, lzcnt, tsc, tscinvbit, avx, avx2, aes, erms, clmul, bmi1, bmi2, adx, fma, vzeroupper, clflush, clflushopt
Processor Information for all 8 processors :
  Max Mhz: 1800, Current Mhz: 1600, Mhz Limit: 1584

Memory: 4k page, system-wide physical 8047M (381M free)
TotalPageFile size 17738M (AvailPageFile size 6M)
current process WorkingSet (physical memory assigned to process): 733M, peak: 736M
current process commit charge ("private bytes"): 836M, peak: 839M

vm_info: OpenJDK 64-Bit Server VM (17.0.11+0--11852314) for windows-amd64 JRE (17.0.11+0--11852314), built on May 16 2024 21:29:20 by "androidbuild" with MS VC++ 16.10 / 16.11 (VS2019)

END.
